Aylaran,Pronunciation,Part of speech,English
Ä,/al/,v.,circulate; publish
ab,/ab/,adj.,blind
abzʌ,/abzʌ/,n.,fan (enthusiast)
aɕ,/aɕ/,n.,rubber
Áɕ,/ɑːɕ/,n.,bark (of tree)
ad,/ad/,adj.,static; passive
Áe,/ɑːe/,prep.,after
Áe rin,/ɑːe rin/,n.,afternoon
affe,/affe/,n.,letter (of an alphabet)
ÁgfŪ,/ɑːgfuː/,n.,expression (look on someone's face)
Áh,/ɑːh/,adv.,yet
Äi,/ali/,n.,example
Ák,/ɑːk/,n.,scout
Ál,/ɑːl/,n.,shit
Álaotxo,/ɑːlao̯txo/,v.,amuse
am,/am/,v.,confuse
Ám,/ɑːm/,v.,tear; rip
an,/an/,v.,light; illuminate
Án,/ɑːn/,v.,retire
anlo,/anlo/,n.,blanket
anza,/anza/,n.,whiskey
ao,/ao̯/,v.,go; leave (depart); pass
aof,/ao̯f/,v.,forgive; excuse; pardon
aog,/ao̯g/,n.,island
aorzŌ,/ao̯rzoː/,n.,dictator
aoɹ,/ao̯ɹ/,n.,uncle
aos,/ao̯s/,n.,worm
aowkau,/ao̯wkaʊ̯/,v.,shuffle
aozbu,/ao̯zbu/,n.,base; ground
ap,/ap/,v.,keep (store); store
Áp,/ɑːp/,v.,respect
Áre,/ɑːre/,n.,military (Alleran)
as,/as/,interj.,hello; goodbye
asu,/asu/,n.,screw
Át,/ɑːt/,n.,electricity
atʌm,/atʌm/,n.,prince
atʌɹ,/atʌɹ/,v.,fight
au,/aʊ̯/,n.,police
auk,/aʊ̯k/,v.,frustrate
aulŌ,/aʊ̯loː/,n.,lounge; couch; sofa
auŋʌzli,/aʊ̯ŋʌzli/,n.,patent
aup,/aʊ̯p/,num.,nine
Áv,/ɑːv/,n.,market; mall
azta,/azta/,n.,stay
aʒim,/aʒim/,v.,masturbate
ba,/ba/,v.,remember
bÁ,/bɑː/,n.,body
baÄ,/baal/,num.,five
badrʌ,/badrʌ/,n.,urine
baf,/baf/,v.,bloom; blossom; flourish
bag,/bag/,n.,poem
bÁg,/bɑːg/,n.,top; mountain; lid; cliff
bÁk,/bɑːk/,n.,hoof
ban,/ban/,v.,accumulate
bani,/bani/,v.,tread; step on
bao,/bao̯/,n.,growth
baodlodra,/bao̯dlodra/,v.,fling
baot,/bao̯t/,adj.,practical; pragmatic; sensible
bap,/bap/,adv.,that
bÁp,/bɑːp/,v.,growl; roar; grunt
bappapla,/bappapla/,n.,content
baɹ,/baɹ/,n.,berry; bean
batem,/batem/,n.,glue; paste
bau,/baʊ̯/,n.,youth
bauh,/baʊ̯h/,n.,gallery (art)
bauʃʊ,/baʊ̯ʃʊ/,n.,alibi
be,/be/,v.,watch; look; monitor; spectate
bĒ,/bɜː/,n.,wall; barrier; hurdle
bebÁ,/bebɑː/,adj.,exact; precise
bed,/bed/,n.,crack; accident
bei,/beɪ̯/,v.,expect
beip,/beɪ̯p/,v.,spill
bĒk,/bɜːk/,n.,curve
beldʌ,/beldʌ/,n.,novice; rookie
bem,/bem/,v.,fuck (slang)
bĒnbʌ,/bɜːnbʌ/,n.,outline
bĒnhu,/bɜːnhu/,v.,creep
bes,/bes/,n.,wagon
bĒʃa,/bɜːʃa/,v.,kick
bĒʃu,/bɜːʃu/,n.,result; outcome
bev,/bev/,n.,cone
bĠ,/bog/,v.,catch
biɕ,/biɕ/,adj.,flat
biffo,/biffo/,adj.,dim
bifha,/bifha/,n.,north
bik,/bik/,n.,linen
bikfatsoɹ,/bikfatsoɹ/,adj.,real; authentic
biĶou,/bikhoʊ̯/,n.,military (foreign)
bil,/bil/,n.,fruit; seed
bin,/bin/,n.,budget
binsŌ,/binsoː/,n.,essence
bis,/bis/,n.,romance
bismomŌ,/bismomoː/,n.,food; cuisine
bismomŌ,/bismomoː/,v.,eat
bismomŌ boh,/bismomoː boh/,n.,menu
bit,/bit/,adj.,sour
bitle,/bitle/,n.,gravity
bo,/bo/,adv.,not
bŌ,/boː/,v.,pass; cross
bŌbzei,/boːbzeɪ̯/,n.,contract; pact
boɕ,/boɕ/,n.,prison; jail; dungeon
bof,/bof/,n.,mistake; error; defect
boh,/boh/,n.,list; catalog
bŌl,/boːl/,n.,autumn
bŌp,/boːp/,n.,shooting star
bop,/bop/,n.,note
bop nʊ,/bop nʊ/,n.,notebook
boptʌe,/boptʌe/,adj.,generic
bŌr,/boːr/,n.,challenge
bor,/bor/,n.,boulder; slab
bŌɹ,/boːɹ/,v.,haggle; negotiate
bota,/bota/,n.,button (pushbutton)
boti,/boti/,n.,paint
botkʊ,/botkʊ/,n.,olive
bŌtxʌlsŌ,/boːtxʌlsoː/,n.,strawberry
bou,/boʊ̯/,n.,money; wealth; wage; salary
bouksʊq,/boʊ̯ksʊq/,v.,hurt; injure
bour,/boʊ̯r/,v.,owe
boutkul,/boʊ̯tkul/,n.,phrase
bov,/bov/,n.,exit
bu,/bu/,n.,month
bŪ,/buː/,n.,reason; logic; rationale
bŪd,/buːd/,n.,spider
budro,/budro/,prep.,over
bŪfo,/buːfo/,v.,snap
buh,/buh/,n.,torch; candle; lamp
bun,/bun/,n.,heaven; paradise
bŪn,/buːn/,n.,eye
bŪn bÁg,/buːn bɑːg/,n.,eyelid
bŪn ɕoutei,/buːn ɕoʊ̯teɪ̯/,n.,glasses
bŪn kŌd,/buːn koːd/,n.,eyelash
bŪn man,/buːn man/,n.,eyeball
bunvŌb,/bunvoːb/,adj.,wrong
buŋa,/buŋa/,v.,release; let go; let out
bup,/bup/,n.,jewel; gem
bŪt,/buːt/,v.,remark
buv,/buv/,v.,avoid; escape
bʊ,/bʊ/,n.,arm
bʊkfaw,/bʊkfaw/,n.,universe
bʌ,/bʌ/,adv.,where
bʌb,/bʌb/,n.,cleavage
bʌd,/bʌd/,n.,river
bʌdle,/bʌdle/,adj.,eager
bʌg,/bʌg/,n.,committee; tribunal
bʌi,/bʌi/,n.,void
bʌl,/bʌl/,v.,encounter; confront
ɕa,/ɕa/,interj.,well
ɕÁ,/ɕɑː/,n.,peace; harmony; melody
ɕÄa,/ɕala/,n.,advice
ɕab,/ɕab/,adj.,fluent
ɕaf,/ɕaf/,n.,parliament
ɕÁf,/ɕɑːf/,v.,allege
ɕam,/ɕam/,adj.,stable; steady; safe
ɕao,/ɕao̯/,pron.,his; its
ɕao,/ɕao̯/,det.,his
ɕaoɕ,/ɕao̯ɕ/,n.,distance; range
ɕaoho,/ɕao̯ho/,adj.,intimate
ɕÁp,/ɕɑːp/,v.,close; shut; block; deter
ɕaɹ,/ɕaɹ/,v.,care
ɕaɹ,/ɕaɹ/,n.,care
ɕat,/ɕat/,n.,potato
ɕau,/ɕaʊ̯/,v.,compare
ɕaufo,/ɕaʊ̯fo/,n.,clay
ɕaulokseq,/ɕaʊ̯lokseq/,v.,evolve
ɕe,/ɕe/,v.,learn
ɕĒ,/ɕɜː/,adj.,full
ɕeb,/ɕeb/,n.,tailor
ɕeg,/ɕeg/,n.,dove
ɕei,/ɕeɪ̯/,n.,sport
ɕeilfo,/ɕeɪ̯lfo/,adj.,wide; broad; deep
ɕem,/ɕem/,v.,command; dominate; supervise
ɕĒn,/ɕɜːn/,n.,tomb; grave
ɕene,/ɕene/,n.,gravel
ɕer,/ɕer/,n.,literature
ɕet,/ɕet/,n.,accident; catastrophe
ɕĒtxŪ,/ɕɜːtxuː/,adv.,somewhat; fairly; pretty
ɕev,/ɕev/,n.,figure; celebrity
ɕew,/ɕew/,adj.,middle
ɕew ju,/ɕew ʤu/,n.,middle class
ɕew ʃĒ,/ɕew ʃɜː/,n.,midnight
ɕi,/ɕi/,adj.,general
ɕid,/ɕid/,n.,spy
ɕip,/ɕip/,n.,finger; toe; hook
ɕip meʒaobu,/ɕip meʒao̯bu/,n.,fingerprint
ɕir,/ɕir/,n.,bass
ɕis,/ɕis/,n.,doll
ɕo,/ɕo/,adv.,always; all the time
ɕo,/ɕo/,pron.,him; it
ɕŌ,/ɕoː/,det.,what
ɕŌ,/ɕoː/,pron.,what
ɕofa,/ɕofa/,v.,improve; enhance; refine
ɕofŌ,/ɕofoː/,v.,deserve
ɕoh,/ɕoh/,n.,series
ɕojle,/ɕoʤle/,n.,flu
ɕolpÁ,/ɕolpɑː/,adj.,proud; arrogant
ɕom,/ɕom/,adj.,right (direction)
ɕor,/ɕor/,v.,endorse
ɕŌrmŌ,/ɕoːrmoː/,n.,part; piece; section; compartment; segment; bit; portion
ɕŌʃi,/ɕoːʃi/,v.,escalate
ɕot,/ɕot/,n.,breast
ɕoup,/ɕoʊ̯p/,adj.,crazy; insane
ɕoutei,/ɕoʊ̯teɪ̯/,n.,glass
ɕov,/ɕov/,n.,clinic; hospital
ɕow,/ɕow/,n.,scarf
ɕu,/ɕu/,conj.,but
ɕud,/ɕud/,n.,language
ɕug,/ɕug/,v.,sew
ɕuh,/ɕuh/,n.,hatch
ɕŪh,/ɕuːh/,n.,crystal; prism
ɕŪk,/ɕuːk/,adj.,fragile
ɕuni,/ɕuni/,v.,spell
ɕŪŋÁ,/ɕuːŋɑː/,v.,admit; confess
ɕup,/ɕup/,n.,compass
ɕŪpÁ,/ɕuːpɑː/,n.,vase
ɕŪq,/ɕuːq/,n.,spark
ɕur,/ɕur/,v.,wash
ɕuv,/ɕuv/,v.,detain
ɕŪw,/ɕuːw/,n.,double
ɕʊ,/ɕʊ/,n.,mud
ɕʊb,/ɕʊb/,n.,tuna
ɕʊda,/ɕʊda/,n.,comet
ɕʊqa,/ɕʊqa/,v.,ask (invite)
ɕʌ,/ɕʌ/,num.,eight
ɕʌapŌ,/ɕʌapoː/,v.,blow
ɕʌd,/ɕʌd/,v.,whisper
ɕʌf,/ɕʌf/,adj.,blank
ɕʌlpÄ,/ɕʌlpal/,n.,butter
ɕʌɹ,/ɕʌɹ/,v.,sink; drown
ɕʌv,/ɕʌv/,n.,lime
dÁ,/dɑː/,v.,own
daɕ,/daɕ/,adv.,out
dad,/dad/,v.,emphasize; exaggerate
daf,/daf/,n.,cherry
dÁfo,/dɑːfo/,n.,task; chore
dah,/dah/,n.,bracket
dÄlip,/dallip/,n.,race (ethnicity); ethnicity
dÁm,/dɑːm/,n.,world; planet
dÁma,/dɑːma/,v.,export
dan,/dan/,adj.,selfish
dao,/dao̯/,v.,slip
daomrĒ,/dao̯mrɜː/,n.,overdose
daop,/dao̯p/,v.,situate
daotpaon,/dao̯tpao̯n/,n.,lap
dapmiɕ,/dapmiɕ/,n.,sheet
dÁq,/dɑːq/,v.,suck
dar,/dar/,adj.,even; flat; regular
das,/das/,n.,parent
dau,/daʊ̯/,adj.,last (only remaining)
daubdŌ,/daʊ̯bdoː/,adj.,naked; nude; bald
daukdĒ,/daʊ̯kdɜː/,det.,which
daukdĒ,/daʊ̯kdɜː/,pron.,which
de,/de/,v.,say; tell; declare; describe; explain; mention; define; interpret; translate
dĒ,/dɜː/,v.,share; divide
deb,/deb/,n.,chick (girl)
dĒb,/dɜːb/,n.,turtle
dechjo,/dechjo/,n.,fracture
deɕ,/deɕ/,n.,public
dĒd,/dɜːd/,n.,ant
dedfan,/dedfan/,n.,memoir
dei,/deɪ̯/,n.,car
deiknʌ,/deɪ̯knʌ/,v.,starve
deis,/deɪ̯s/,v.,huddle
deiwe,/deɪ̯we/,v.,strip
dem,/dem/,n.,bedroom
dep,/dep/,n.,sheep
dĒq,/dɜːq/,v.,roll; revolve; rotate; spin
dĒr,/dɜːr/,n.,loop
dĒw,/dɜːw/,v.,sort
di,/di/,n.,economy
dih,/dih/,v.,nod
dilnŪ,/dilnuː/,v.,murmur; hum; mumble
dilvo,/dilvo/,n.,lightning
dit,/dit/,n.,armor
diʒʌ,/diʒʌ/,adj.,gradual
dŌ,/doː/,v.,be (temporary state)
dobao,/dobao̯/,v.,grow
dobed,/dobed/,v.,crack
doɕ,/doɕ/,v.,tease; flirt
dofetju,/dofetʤu/,v.,populate
dofgʌf,/dofgʌf/,n.,pump
dofo,/dofo/,n.,hose
dŌh,/doːh/,n.,state (condition); condition (state)
dohʌnjʊ,/dohʌnjʊ/,v.,accompany
dojŪbni,/doʤuːbni/,v.,weigh
dok,/dok/,n.,mosquito
dolonum,/dolonum/,v.,bleed
dolʊ,/dolʊ/,n.,army; military
domiw,/domiw/,v.,assassinate
domizbŪʊ,/domizbuːʊ/,v.,order
donhÁq,/donhɑːq/,n.,pole; mast
doŋaugfŌ,/doŋaʊ̯gfoː/,v.,sing
dop,/dop/,n.,species; kind; type; breed
dopajo,/dopaʤo/,v.,have sex
dopʌa,/dopʌa/,v.,respond
dot,/dot/,v.,paralyze
dotezlʌn,/dotezlʌn/,v.,authorize
dou,/doʊ̯/,n.,hole; tunnel; crater; cavity
doub,/doʊ̯b/,pron.,you all
douɕ,/doʊ̯ɕ/,n.,lever; pedal; trigger
doŪq,/douːq/,v.,repeat
dowout,/dowoʊ̯t/,v.,agree
doʒa,/doʒa/,v.,name
du,/du/,v.,gain; earn
dŪb,/duːb/,v.,manifest
dubʊf,/dubʊf/,n.,vampire
dŪf,/duːf/,n.,canal; trench
dŪk,/duːk/,n.,skirt
dŪm,/duːm/,n.,laundry
dumhe,/dumhe/,v.,scare; frighten; startle
dŪmrauɕ,/duːmraʊ̯ɕ/,v.,guess; speculate; predict
dŪmrauɕ,/duːmraʊ̯ɕ/,n.,guess
dŪn,/duːn/,n.,rodent
duq,/duq/,v.,damage; impair
duq,/duq/,n.,damage
dŪr,/duːr/,n.,metal
duw,/duw/,n.,kidney
duʒo,/duʒo/,num.,fifteen
dʊ,/dʊ/,n.,king
dʊq,/dʊq/,v.,swim
dʊswo,/dʊswo/,v.,rest
dʌ,/dʌ/,det.,the
dʌp,/dʌp/,v.,borrow; hire; rent
dʌpmŪ,/dʌpmuː/,adj.,automatic
e,/e/,num.,seven
Ē,/ɜː/,det.,no
Ēan,/ɜːan/,adj.,bright
eb,/eb/,n.,head
eb,/eb/,n.,leader
Ēb,/ɜːb/,n.,vinegar
Ēbau,/ɜːbaʊ̯/,adj.,young
Ēbou,/ɜːboʊ̯/,adj.,rich
ĒbŪ,/ɜːbuː/,adj.,reasonable
Ēchjʌ,/ɜːchjʌ/,num.,nineteen
Ēɕ,/ɜːɕ/,n.,puzzle
Ēɕaoɕ,/ɜːɕao̯ɕ/,adj.,distant
ĒɕĒn,/ɜːɕɜːn/,n.,graveyard
Ēɕot,/ɜːɕot/,adj.,buxom
Ēd,/ɜːd/,adj.,dumb (speechless)
edfol,/edfol/,n.,suburb
ef,/ef/,v.,drench; flush; saturate
Ēf,/ɜːf/,n.,span
efao,/efao̯/,n.,pipe; vent
efu,/efu/,n.,carpet; rug
Ēfu,/ɜːfu/,adj.,urban
Ēfʌs,/ɜːfʌs/,adj.,powerful
Ēgei,/ɜːgeɪ̯/,adj.,evident
Ēgew,/ɜːgew/,adj.,hungry
Ēgil,/ɜːgil/,adj.,friendly
eh,/eh/,v.,enter; penetrate
ehmo,/ehmo/,v.,pollute; infect; stain
ehŪf,/ehuːf/,v.,clear
ei,/eɪ̯/,v.,mean (signify); mean (intend)
eih,/eɪ̯h/,v.,jam
eima,/eɪ̯ma/,adj.,simple; poor
eip,/eɪ̯p/,n.,pub; bar (pub)
eir,/eɪ̯r/,n.,ancestor; forefather
eiw,/eɪ̯w/,n.,news
ĒjÁbmopte,/ɜːʤɑːbmopte/,n.,sewer
ĒjĒl,/ɜːʤɜːl/,adj.,guilty
ek,/ek/,adj.,bitter
el,/el/,n.,clue
Ēl,/ɜːl/,n.,towel
ĒlkĒ,/ɜːlkɜː/,v.,ask (inquire)
Ēlno,/ɜːlno/,n.,file; record (written account); data
Ēlonum,/ɜːlonum/,adj.,bloody
Ēlouh,/ɜːloʊ̯h/,adj.,happy
Ēmdʊ,/ɜːmdʊ/,v.,yank; tug; tow
ĒmĒ,/ɜːmɜː/,n.,forest
emnao,/emnao̯/,adj.,scarce
Ēnam,/ɜːnam/,n.,winery
Ēnso,/ɜːnso/,n.,sausage
Ēnuq,/ɜːnuq/,adj.,skilled
enʊ,/enʊ/,v.,blink
Ēnʊ,/ɜːnʊ/,n.,library
Ēŋaunib,/ɜːŋaʊ̯nib/,adj.,angry
Ēŋaunib,/ɜːŋaʊ̯nib/,adj.,furious
Ēŋe,/ɜːŋe/,n.,factory
Ēopma,/ɜːopma/,adj.,perfect
ep,/ep/,n.,lower class
Ēp,/ɜːp/,prep.,before
Ēpajo,/ɜːpaʤo/,adj.,sexual
Ēpoh,/ɜːpoh/,n.,stable
eprʌ,/eprʌ/,v.,attend; show up
Ēpu,/ɜːpu/,n.,cult
Ēq,/ɜːq/,n.,bunker
Ēqid,/ɜːqid/,adj.,messy
er,/er/,v.,would
Ēr,/ɜːr/,adj.,sharp
erĒm,/erɜːm/,n.,stitch
ĒrĒs,/ɜːrɜːs/,adj.,golden
erzʊ,/erzʊ/,v.,invent
Ēɹis,/ɜːɹis/,n.,cafe
Ēɹulo,/ɜːɹulo/,adj.,expensive
Ēɺʌw,/ɜːɺʌw/,adj.,fashionable
ĒsÁmti,/ɜːsɑːmti/,adj.,greedy
ĒsĒwu,/ɜːsɜːwu/,n.,drugstore
Ēʃav,/ɜːʃav/,adj.,risky
Ēʃav,/ɜːʃav/,adj.,dangerous
Ēt,/ɜːt/,n.,attic
Ēten,/ɜːten/,adj.,painful
ĒʧÁt,/ɜːʧɑːt/,n.,bed
Ēug,/ɜːug/,adj.,comfortable
ĒvĒvikrou,/ɜːvɜːvikroʊ̯/,adj.,dirty
Ēw,/ɜːw/,n.,lease
ewŌ,/ewoː/,adj.,rare; funny
Ēwujau,/ɜːwuʤaʊ̯/,n.,grocer
Ēwʊp,/ɜːwʊp/,adj.,nervous; anxious
Ēʒef,/ɜːʒef/,n.,armory
ĒʒŪk,/ɜːʒuːk/,adj.,central
fa,/fa/,n.,father
fÄ,/fal/,v.,flee; retreat
fÁ,/fɑː/,n.,mind (thinking faculty); soul
fa ɕip,/fa ɕip/,n.,thumb
fÁ ŋĒp,/fɑː ŋɜːp/,n.,psychology
fa ɹo,/fa ɹo/,n.,prototype
fÁb,/fɑːb/,v.,audit
fadrŌ,/fadroː/,v.,review
fagnʌ,/fagnʌ/,n.,experiment
fÁgseik,/fɑːgseɪ̯k/,adj.,clean; neat
fÁgseik,/fɑːgseɪ̯k/,v.,clean
fÁh,/fɑːh/,n.,desert
fak,/fak/,n.,issue; concern; controversy
fÁldaf,/fɑːldaf/,n.,lung
fanlaum,/fanlaʊ̯m/,n.,siege
fao,/fao̯/,n.,boy
faodŌ,/fao̯doː/,v.,offer
faof,/fao̯f/,adj.,thin (slender); slim
faol,/fao̯l/,n.,doctor
faon,/fao̯n/,v.,smile; smirk
faot,/fao̯t/,n.,violin
fap,/fap/,v.,arrive; happen; occur
fÁp,/fɑːp/,v.,drain
fÁpmoʒŪ,/fɑːpmoʒuː/,n.,nature; habit; ritual
far,/far/,n.,accent (of language); dialect
fasi,/fasi/,n.,ally
fÁti,/fɑːti/,n.,view
fau,/faʊ̯/,v.,believe
faufta,/faʊ̯fta/,n.,bat (club)
fauɹ,/faʊ̯ɹ/,n.,half
faut,/faʊ̯t/,n.,verse
fav,/fav/,v.,peer
fawŌlʊ,/fawoːlʊ/,n.,theory; opinion
fĒ,/fɜː/,conj.,when; while
fĒf,/fɜːf/,n.,peach
fĒh,/fɜːh/,n.,queen
fei,/feɪ̯/,n.,past
feiɕ,/feɪ̯ɕ/,n.,cheek
feiplʌ,/feɪ̯plʌ/,n.,cellar
feiq,/feɪ̯q/,adj.,sorry; sad
feir,/feɪ̯r/,n.,resident
fek,/fek/,n.,boot
fel,/fel/,v.,spread; scatter
fela,/fela/,n.,luggage; baggage
felʊ,/felʊ/,n.,terror
fĒm,/fɜːm/,v.,manufacture
fen,/fen/,n.,appetite
fĒn,/fɜːn/,n.,cartoon
fĒno,/fɜːno/,prep.,beside
fep,/fep/,n.,servant; waiter
fepro,/fepro/,n.,house; tribe
fessʊ,/fessʊ/,v.,look; glance; stare; study
fetju,/fetʤu/,n.,population
fi,/fi/,det.,that
fi,/fi/,pron.,that
fih,/fih/,n.,basin
fijlĒ,/fiʤlɜː/,n.,idiot; fool
fikbe,/fikbe/,v.,drip; splash
fil,/fil/,adj.,absent
fip,/fip/,v.,resemble
firu,/firu/,adj.,thick; fat; obese; broad
fit,/fit/,n.,rule (law; regulation); law
fitÁ,/fitɑː/,v.,sneak
fitta,/fitta/,v.,afford
fiwuq,/fiwuq/,n.,pillow
fŌ,/foː/,v.,buy; purchase
fŌɕ,/foːɕ/,v.,sweat; work (toil)
fodlʌ,/fodlʌ/,n.,habitat
fof,/fof/,n.,oyster
fŌh,/foːh/,n.,purpose
fohŪ,/fohuː/,v.,join; marry
fohŪ,/fohuː/,n.,joint
fok,/fok/,n.,organ
fŌĶʊgao,/foːkhʊgao̯/,n.,slope; slant
fŌl,/foːl/,n.,moment
fol,/fol/,v.,investigate; inquire; probe
fŌlo,/foːlo/,n.,fungus
fom,/fom/,n.,game
fon,/fon/,n.,bastard
fŌp,/foːp/,v.,operate
fop,/fop/,n.,carcass
fosna,/fosna/,v.,remove; take out
fŌt,/foːt/,n.,row
fotĒ,/fotɜː/,v.,exaggerate
fotidro,/fotidro/,n.,celebrity
fou,/foʊ̯/,n.,week
fouɕ,/foʊ̯ɕ/,adj.,accurate
fouhok,/foʊ̯hok/,prep.,across
fŌv,/foːv/,n.,awe
fovlo,/fovlo/,v.,burn; light; simmer
fovnu,/fovnu/,n.,master
fowil,/fowil/,n.,linguistics
fozve,/fozve/,n.,flake
fu,/fu/,n.,city; metropolis
fŪ,/fuː/,n.,room (of house)
fub,/fub/,n.,empire
fubzʊ,/fubzʊ/,n.,battle
fŪd,/fuːd/,n.,millennium
fuf,/fuf/,v.,bite; chew
fug,/fug/,v.,enjoy; appreciate
fuh,/fuh/,n.,security
ful,/ful/,adj.,appropriate
fumhu,/fumhu/,n.,interview
fumlʌ,/fumlʌ/,v.,polish
fŪn,/fuːn/,n.,lunch
funzi,/funzi/,v.,exist
fŪpa,/fuːpa/,v.,obsess
fupo,/fupo/,n.,guy
fuq,/fuq/,v.,halt; paralyze
fŪs,/fuːs/,v.,spin; swirl
fut,/fut/,n.,tornado
fŪtʊ,/fuːtʊ/,n.,reward; award
fuwo,/fuwo/,n.,manual
fʊ,/fʊ/,v.,rate
fʊ,/fʊ/,n.,rate
fʊf,/fʊf/,prep.,near
fʊnla,/fʊnla/,n.,sky; space (beyond Earth)
fʊp,/fʊp/,n.,corn
fʊv,/fʊv/,v.,deteriorate
fʊzna,/fʊzna/,n.,transport
fʌ,/fʌ/,n.,state (province; country)
fʌk,/fʌk/,n.,diet
fʌkmʊp,/fʌkmʊp/,n.,tooth; fang; tusk
fʌkmʊp faol,/fʌkmʊp fao̯l/,n.,dentist
fʌl,/fʌl/,v.,ban; prohibit; exclude; omit; restrict
fʌm,/fʌm/,n.,witness
fʌn,/fʌn/,v.,complement
fʌr,/fʌr/,n.,spell (of magic)
fʌs,/fʌs/,n.,power; force
fʌt,/fʌt/,v.,frown
Ġ,/og/,n.,bachelor
ga,/ga/,n.,beak
gÄ,/gal/,n.,blasphemy; heresy
gÁ,/gɑː/,prep.,according to
gabŪ,/gabuː/,adj.,logical
gadi,/gadi/,adj.,economic
gadŌ,/gadoː/,v.,bury; embed
gÄeptauh,/galeptaʊ̯h/,adj.,medical
gÁf,/gɑːf/,v.,push; press; propel; hurl; shift
gafÁpmoʒŪ,/gafɑːpmoʒuː/,adj.,natural
gahumle,/gahumle/,adj.,religious
gÁk,/gɑːk/,n.,girl; female; daughter
gÁl,/gɑːl/,adj.,serious
gamnŪ,/gamnuː/,n.,wrinkle; crease; kink (sharp twist)
gan,/gan/,v.,charm; seduce
ganna,/ganna/,v.,call (cry out)
ganoh,/ganoh/,adj.,internal
gÄnoĶ,/galnokh/,n.,military (Alleran)
ganuksʌlpĒ,/ganuksʌlpɜː/,adj.,personal
gao,/gao̯/,n.,male
gaon,/gao̯n/,n.,weather
gap,/gap/,n.,tax
gaptaom,/gaptao̯m/,v.,miss (long for)
gapŪq,/gapuːq/,adj.,academic
gaq,/gaq/,n.,slogan
gaɹa,/gaɹa/,adj.,technological
gaɺau,/gaɺaʊ̯/,adj.,oral
gaseim,/gaseɪ̯m/,adj.,national
gaʃijut,/gaʃiʤut/,adj.,cultural
gat,/gat/,n.,muscle
gate,/gate/,v.,suppress; inhibit
gathap,/gathap/,adj.,mad
gatu,/gatu/,adj.,legal
gatʊl,/gatʊl/,adj.,political
gau,/gaʊ̯/,adj.,confident
gaufo,/gaʊ̯fo/,v.,put (place); install
gauk,/gaʊ̯k/,n.,tear
ge,/ge/,n.,chapel; shrine
gĒ,/gɜː/,n.,color; hue
gef,/gef/,n.,illness
gei,/geɪ̯/,n.,evidence; contract
geilŌ,/geɪ̯loː/,n.,paper
geip,/geɪ̯p/,n.,smoke
geĶa,/gekha/,n.,descendant; offspring
gel,/gel/,v.,suspect
gelvau,/gelvaʊ̯/,v.,curse
gĒn,/gɜːn/,n.,virgin
gep,/gep/,v.,giggle
geq,/geq/,adj.,stiff; stubborn; tight; compact
gĒtki,/gɜːtki/,n.,bicycle
gew,/gew/,n.,hunger
Ġho,/ogho/,v.,possess
gi,/gi/,v.,carry
gi,/gi/,pron.,I
gig,/gig/,v.,cheer
gih,/gih/,n.,credit (of money)
gik,/gik/,v.,tilt
gikfʌ,/gikfʌ/,adj.,convenient
gil,/gil/,n.,friend; acquaintance
giljo,/gilʤo/,v.,study
giljo,/gilʤo/,n.,study
gim,/gim/,v.,rule
gimi,/gimi/,n.,pear
giro,/giro/,v.,muffle
git,/git/,n.,scale (skin of reptiles)
githo,/githo/,v.,cruise; patrol
go,/go/,v.,die
go,/go/,pron.,ours (excluding you)
go,/go/,det.,our (excluding you)
gŌ,/goː/,v.,demand
goÁ,/goɑː/,v.,comprehend; fathom
god,/god/,n.,hobby
godrĠja,/godrogʤa/,n.,premiere
gof,/gof/,n.,mat
gŌfo,/goːfo/,adj.,skinny
gŌg,/goːg/,adj.,small; little
goh,/goh/,n.,cloak
gojbŌp,/goʤboːp/,n.,switch
golrolse,/golrolse/,v.,favor
golʊ,/golʊ/,v.,allocate
gŌm,/goːm/,n.,well; reservoir
gŌn,/goːn/,n.,currency
gonla,/gonla/,n.,ministry; embassy
gŌnne,/goːnne/,n.,frog
gor,/gor/,n.,fluke
goɹo,/goɹo/,adj.,infinite
gŌs,/goːs/,pron.,me
gou,/goʊ̯/,v.,try (test out); test
gouĶi,/goʊ̯khi/,n.,hay
gouq,/goʊ̯q/,n.,galaxy
gov,/gov/,v.,shoot; propel; fire (detonate weapon); hurl
gu,/gu/,v.,take; capture; hold; carry; steal; seize; book; reap; remove; deprive; take away; kidnap; grip; snatch; support; clutch; abolish; yank; plow; reinforce; supplement
gu,/gu/,n.,support
gŪ,/guː/,v.,serve
gŪbag,/guːbag/,n.,poet
gŪboɕ,/guːboɕ/,n.,prisoner
gŪboti,/guːboti/,n.,painter
gŪɕÁp,/guːɕɑːp/,n.,shield
gŪdÁ,/guːdɑː/,n.,owner
guf,/guf/,n.,rat
gŪfÁ ŋĒp,/guːfɑː ŋɜːp/,n.,psychologist
gŪfÁp,/guːfɑːp/,n.,drain
gug,/gug/,v.,notice; recognize
gŪgim,/guːgim/,n.,ruler
gŪhŌrlʌg,/guːhoːrlʌg/,n.,trader
gŪjŌ,/guːʤoː/,n.,player
gukde,/gukde/,v.,squash
gŪkŌr,/guːkoːr/,n.,worker; employee
gŪkubzei,/guːkubzeɪ̯/,n.,tourist
gŪlÁ,/guːlɑː/,n.,author; writer
gŪle,/guːle/,n.,warrior
gŪlebbei,/guːlebbeɪ̯/,n.,teacher
gŪlĒp,/guːlɜːp/,n.,employer
gŪles,/guːles/,n.,locksmith
gŪlʌg,/guːlʌg/,n.,dancer
gŪm,/guːm/,v.,ignite
gŪŋaugfŌ,/guːŋaʊ̯gfoː/,n.,singer
gŪŋĒp,/guːŋɜːp/,n.,scientist
gŪŋʊ,/guːŋʊ/,n.,lover
gŪopmos,/guːopmos/,n.,sailor
gup,/gup/,adj.,plain
gŪpab,/guːpab/,n.,judge
gŪpep,/guːpep/,n.,dealer
gŪpimʌvrŌp,/guːpimʌvroːp/,n.,vendor
gupmuk,/gupmuk/,v.,concentrate; focus
gupti,/gupti/,n.,charity
gŪqebbŪ,/guːqebbuː/,n.,florist
gur,/gur/,adj.,blunt
gŪreq,/guːreq/,n.,manager
gŪɹemnĒgja,/guːɹemnɜːgʤa/,n.,chef; cook
gŪɺou,/guːɺoʊ̯/,n.,hunter
gŪɺu,/guːɺu/,n.,liar
gŪs,/guːs/,n.,stump; root
gŪsiɕ,/guːsiɕ/,n.,driver
gŪt,/guːt/,n.,jar
gŪtaut,/guːtaʊ̯t/,n.,clock
gŪtitzʊ,/guːtitzʊ/,n.,gardener
gŪʧoʃav,/guːʧoʃav/,n.,visitor
gŪtu,/guːtu/,n.,lawyer
gŪtʊl,/guːtʊl/,n.,politician
guu,/guu/,n.,bear
gŪu,/guːu/,n.,killer
gŪv,/guːv/,n.,breed
gŪvao,/guːvao̯/,n.,artist
gŪvoʃei,/guːvoʃeɪ̯/,n.,farmer
gŪʒe,/guːʒe/,n.,criminal
gŪʒi,/guːʒi/,n.,runner
gʊ,/gʊ/,v.,rise; climb; lift
gʊbbah,/gʊbbah/,n.,discourse; rhetoric
gʊhmʊ,/gʊhmʊ/,n.,priority
gʊhtŌ,/gʊhtoː/,n.,specimen
gʊna,/gʊna/,v.,prepare; assemble; congregate; summon
gʊr,/gʊr/,n.,sap
gʊt,/gʊt/,num.,fourteen
gʊv,/gʊv/,n.,zoo
gʌ,/gʌ/,adj.,poor
gʌfa,/gʌfa/,n.,spring (season)
gʌfo,/gʌfo/,v.,attack; assault
gʌl,/gʌl/,n.,partner
gʌlʌ,/gʌlʌ/,adj.,local
gʌɹ,/gʌɹ/,n.,ledge
gʌt,/gʌt/,n.,premise
gʌwazni,/gʌwazni/,n.,pistol
ha,/ha/,prep.,for (in favor of)
ha,/ha/,num.,three
hÄ,/hal/,v.,skip; hop
hÁ,/hɑː/,n.,baby; infant; toddler
hadgĒ,/hadgɜː/,n.,ghost
haf,/haf/,v.,notify; inform
hagoufo,/hagoʊ̯fo/,v.,feel (examine by touch)
hÁl,/hɑːl/,n.,flood
hamnau,/hamnaʊ̯/,n.,affection
hÁmojba,/hɑːmoʤba/,v.,bump
hamoum,/hamoʊ̯m/,n.,cousin
hÁn,/hɑːn/,v.,turn on
hane,/hane/,n.,number
hao,/hao̯/,v.,decide
haolpo,/hao̯lpo/,v.,hope
haolpo,/hao̯lpo/,n.,hope
haon,/hao̯n/,n.,cupboard
haonÁɹ,/hao̯nɑːɹ/,n.,jersey; sweater
haonjÁ,/hao̯njɑː/,n.,fiber
haoʌn,/hao̯ʌn/,n.,winter
hap,/hap/,v.,experience
hap,/hap/,n.,experience
har,/har/,adj.,awful; terrible
haɹʊ,/haɹʊ/,n.,race (competition); marathon
has,/has/,n.,sense
hÁt,/hɑːt/,v.,act; behave
hatbis,/hatbis/,v.,swing; sway; rock (move back and forth); wave (salutation)
hatla,/hatla/,v.,complete
hatsʌɹ,/hatsʌɹ/,v.,inject; implant
hau,/haʊ̯/,n.,plan
hau,/haʊ̯/,v.,plan
haup,/haʊ̯p/,n.,fin (of fish)
haw,/haw/,v.,advocate
he,/he/,v.,defend; protect; secure; guard; prevent; justify; block; intercept
hĒ,/hɜː/,v.,find; discover; detect
heddinu,/heddinu/,adj.,dense
hedol,/hedol/,n.,whisker
hef,/hef/,v.,invade
hĒhrŌ,/hɜːhroː/,n.,right; entitlement; privilege; license
hei,/heɪ̯/,v.,wait; stay; remain; persist; linger; pause
heidle,/heɪ̯dle/,det.,whose
heil,/heɪ̯l/,v.,sweep
heip,/heɪ̯p/,n.,spinach
heis,/heɪ̯s/,n.,roof; ceiling; canopy; umbrella
hĒle,/hɜːle/,v.,inhale
helho,/helho/,v.,poise
hem,/hem/,adj.,unique
hemnu,/hemnu/,n.,band (musical group)
hĒn,/hɜːn/,n.,butt
henŌ,/henoː/,adj.,empty; tired (needing rest)
henzip,/henzip/,n.,nest
hĒp,/hɜːp/,n.,crisis
hepmo,/hepmo/,n.,trumpet; alarm
hĒq,/hɜːq/,n.,maid
hĒt,/hɜːt/,n.,fire
heʒʊb,/heʒʊb/,n.,louse
hĠʊf,/hogʊf/,adj.,elegant
hi,/hi/,det.,several
hi,/hi/,pron.,she; it
hib,/hib/,n.,hallway; corridor
hidĒ,/hidɜː/,v.,reproduce
hidrÁ,/hidrɑː/,n.,storm; hurricane; turmoil; chaos
hif,/hif/,v.,strive
hig,/hig/,adj.,brief
hih,/hih/,n.,look
hip,/hip/,adv.,as
hiq,/hiq/,adj.,evil
hita,/hita/,n.,thief
hiw,/hiw/,n.,divorce
ho,/ho/,v.,give; donate; present; provide
hŌ,/hoː/,n.,woman; wife
hob,/hob/,prep.,onto
hod,/hod/,n.,dust; flour; powder
hŌf,/hoːf/,n.,museum
hofhʌ,/hofhʌ/,n.,hedge; fence
hofta,/hofta/,adj.,patient
hoh,/hoh/,n.,scandal
hŌksi,/hoːksi/,num.,eighteen
hol,/hol/,n.,environment (natural world)
holsupti,/holsupti/,n.,bay
homa,/homa/,v.,reflect
hŌn,/hoːn/,adj.,extinct
hona,/hona/,conj.,even
hŌp,/hoːp/,v.,excite
hop,/hop/,n.,egg
hoq,/hoq/,adj.,firm; solid
hŌrlʌg,/hoːrlʌg/,v.,trade
hoɹ,/hoɹ/,v.,nominate
hŌɹʌ,/hoːɹʌ/,v.,steer; navigate
hŌs,/hoːs/,v.,fire (from job); discharge
hos,/hos/,n.,price; fee; bill; check; tariff
hŌt,/hoːt/,n.,cushion
hot,/hot/,n.,wallet
hou,/hoʊ̯/,n.,magazine
houdra,/hoʊ̯dra/,v.,limp
houp,/hoʊ̯p/,v.,launch; cast; embark
hous,/hoʊ̯s/,n.,range; radius; year; spectrum; extent
houv,/hoʊ̯v/,v.,smell (emit odor); stink
hŌv,/hoːv/,adj.,social
hov,/hov/,n.,cork
hovre,/hovre/,n.,cat; vagina (slang)
hu,/hu/,v.,cry; call (cry out); mourn
hŪ,/huː/,v.,stop; stall; halt
hud,/hud/,adj.,ironic
huf,/huf/,v.,shave; trim; graze (touch)
hufti,/hufti/,n.,speed
hŪfuh,/huːfuh/,n.,bow (weapon)
huh,/huh/,n.,bullet
hul,/hul/,n.,shoe; boot
hŪlna,/huːlna/,n.,ditch; trench
hŪm,/huːm/,n.,strap
humle,/humle/,n.,religion
hun,/hun/,n.,source; origin; well; fountain; resource; oasis
hŪn,/huːn/,v.,bang
hunsou,/hunsoʊ̯/,n.,bureaucrat
hup,/hup/,n.,device; appliance; apparatus; gadget; fixture
hŪp,/huːp/,adv.,only; merely; hardly
hur,/hur/,v.,expire
huzvĒlkÁ,/huzvɜːlkɑː/,n.,jelly
hʊ,/hʊ/,n.,morning
hʊɕ,/hʊɕ/,v.,bid
hʊgsa,/hʊgsa/,n.,pick
hʊlrʌ,/hʊlrʌ/,adj.,confidential
hʊm,/hʊm/,n.,attitude
hʊpmau,/hʊpmaʊ̯/,n.,basil
hʊv,/hʊv/,adv.,etcetera
hʌ,/hʌ/,n.,page
hʌɕ,/hʌɕ/,v.,volunteer
hʌh,/hʌh/,n.,margin
hʌn,/hʌn/,adj.,clear; transparent
hʌnjʊ,/hʌnjʊ/,n.,company; business
hʌr,/hʌr/,v.,intervene
hʌt,/hʌt/,n.,lava
hʌttĒ,/hʌttɜː/,v.,prefer
hʌv,/hʌv/,adj.,coherent
i,/i/,v.,leave (let remain); let
i,/i/,pron.,you
ib,/ib/,adj.,similar
iɕ,/iɕ/,n.,hell
id,/id/,v.,smell (sense with nose)
idĒk,/idɜːk/,v.,blend
if,/if/,v.,hit; punch; beat (strike); slap; collide
ifepro,/ifepro/,n.,mansion
iglav,/iglav/,n.,rival
ijo,/iʤo/,n.,engine; motor
ijtaɕaɹ,/iʤtaɕaɹ/,adj.,careful
ijtapul,/iʤtapul/,adj.,offensive
ijtatÁlŌ,/iʤtatɑːloː/,adj.,shiny
ijtaʧÁm,/iʤtaʧɑːm/,adj.,flirtatious
ijtawʌs,/iʤtawʌs/,adj.,critical
ijtaʒʌh,/iʤtaʒʌh/,adj.,sticky
il,/il/,n.,curl
ilʌh,/ilʌh/,adj.,minor
im,/im/,n.,grill; barbecue
inzÁ,/inzɑː/,n.,sanctuary
ip,/ip/,n.,problem
iswʊ,/iswʊ/,n.,vanilla
iʃaukdao,/iʃaʊ̯kdao̯/,n.,cauldron
it,/it/,n.,eagle
itei,/iteɪ̯/,n.,reef
iv,/iv/,n.,stomach; gut; belly
ivle,/ivle/,v.,hire; rent; recruit
iwʊ,/iwʊ/,v.,exercise
jÄ,/ʤal/,n.,trousers; pants
jÁ,/ʤɑː/,n.,step (one level of stairs)
jÄ mÁf,/ʤal mɑːf/,n.,pocket
jab,/ʤab/,adj.,lethal; fatal
jÁbmopte,/ʤɑːbmopte/,v.,pour; flow
jagregfa,/ʤagregfa/,n.,genocide
jah,/ʤah/,adj.,hard; difficult; solid; sturdy; compact
jak,/ʤak/,v.,realize
jÁl,/ʤɑːl/,adv.,sometimes
jam,/ʤam/,adj.,reverse
jao,/ʤao̯/,n.,show (performance); ceremony
jaod,/ʤao̯d/,adj.,deep
jÁp,/ʤɑːp/,n.,plague
japlou,/ʤaploʊ̯/,n.,bully
jÁq,/ʤɑːq/,v.,tumble
jar,/ʤar/,n.,cloud
jaɹagsĒ,/ʤaɹagsɜː/,n.,penis
jÁt,/ʤɑːt/,v.,whistle
jau,/ʤaʊ̯/,n.,interest (curiosity; concern)
jausŪ,/ʤaʊ̯suː/,n.,stick
jautÁk,/ʤaʊ̯tɑːk/,v.,matter
jĒ,/ʤɜː/,v.,produce (manufacture); generate
jĒb,/ʤɜːb/,n.,cake
jeɕ,/ʤeɕ/,n.,clash
jedu,/ʤedu/,adj.,temporary
jef,/ʤef/,adj.,main
jei,/ʤeɪ̯/,adv.,once
jeigel,/ʤeɪ̯gel/,adj.,suspicious
jeigo,/ʤeɪ̯go/,adj.,dead
jein,/ʤeɪ̯n/,n.,limit
jeiŋepmao,/ʤeɪ̯ŋepmao̯/,adj.,broken
jeiow,/ʤeɪ̯ow/,adj.,final
jeivʌgos,/ʤeɪ̯vʌgos/,adj.,complex
jĒl,/ʤɜːl/,n.,guilt
jen,/ʤen/,v.,relate; correlate; connect; assign
jĒn,/ʤɜːn/,v.,shrug
jensŪ,/ʤensuː/,n.,cuff
jep,/ʤep/,n.,cup; mug
jĒs,/ʤɜːs/,n.,diaper
jĒsrʌ,/ʤɜːsrʌ/,n.,blade; razor
ji,/ʤi/,v.,like; love; admire
jid,/ʤid/,n.,neck
jiddo,/ʤiddo/,n.,space (empty area); room (space)
jif,/ʤif/,adj.,close
jif ao,/ʤif ao̯/,v.,approach
jih,/ʤih/,n.,giant
jih nofhʊl,/ʤih nofhʊl/,n.,shark
jip,/ʤip/,n.,link
jir,/ʤir/,n.,genetics
jitsirle,/ʤitsirle/,v.,rape; assault
jo,/ʤo/,v.,can
jŌ,/ʤoː/,v.,play (have fun); compete
jobzĒ,/ʤobzɜː/,v.,transcend; excel
jodgo,/ʤodgo/,n.,percent
jof,/ʤof/,adj.,gay; homosexual
jŌh,/ʤoːh/,v.,identify; point out; establish; diagnose; refer; attribute
johmo,/ʤohmo/,v.,hang out
jok,/ʤok/,n.,pornography
jŌm,/ʤoːm/,n.,shade; shadow; hue; umbrella
jŌn,/ʤoːn/,v.,defy
jop,/ʤop/,n.,dwarf
jŌsso,/ʤoːsso/,v.,murder
jŌʃʊ,/ʤoːʃʊ/,v.,shove
jotha,/ʤotha/,n.,root
jŌtzu,/ʤoːtzu/,adj.,loyal
jouchju,/ʤoʊ̯chju/,n.,chasm
joudŪ,/ʤoʊ̯duː/,n.,test
joug,/ʤoʊ̯g/,adj.,cold; cool (slightly cold)
joup,/ʤoʊ̯p/,n.,plaque
jour,/ʤoʊ̯r/,n.,analogy
ju,/ʤu/,n.,class; lesson; lecture
jŪ,/ʤuː/,adv.,there
jŪb,/ʤuːb/,v.,kiss
jŪbni,/ʤuːbni/,n.,weight
juɕ,/ʤuɕ/,v.,flick
jud,/ʤud/,n.,skull
jum,/ʤum/,adj.,big; great (very large)
jum suglama,/ʤum suglama/,n.,tiger
jun,/ʤun/,n.,clown
jŪq,/ʤuːq/,n.,piano
jur,/ʤur/,adj.,naive
jurraowda,/ʤurrao̯wda/,adj.,lush
jus,/ʤus/,n.,summer
jut,/jut/,num.,six
jŪv,/ʤuːv/,n.,demographic
jʊ,/ʤʊ/,v.,treat
jʊghab,/ʤʊghab/,v.,grow up; sprout
jʊgjʊ,/ʤʊgʤʊ/,n.,spring (coil)
jʊt,/ʤʊt/,v.,deploy
jʊw,/ʤʊw/,n.,fan
jʌ,/ʤʌ/,n.,heart; life (soul)
jʌm,/ʤʌm/,v.,squint
jʌnvo,/ʤʌnvo/,n.,mass
jʌrzi,/ʤʌrzi/,n.,cotton; cloth; napkin
jʌv,/ʤʌv/,v.,insure; assure; guarantee; promise
kÄ,/kal/,n.,circulation
kÁ,/kɑː/,prep.,by (using the means of); by (using a route)
kÄaf,/kalaf/,n.,perception
kÄag,/kalag/,n.,protection
kÄÁpo,/kalɑːpo/,n.,pleasure
kaba,/kaba/,n.,memory
kadad,/kadad/,n.,emphasis
kadlu,/kadlu/,n.,group; flock; crowd; company
kÄeɕ,/kaleɕ/,n.,flight
kÄeĶʌ,/kalekhʌ/,n.,government
kafap,/kafap/,n.,arrival
kafau,/kafaʊ̯/,n.,belief
kafau fepro,/kafaʊ̯ fepro/,n.,church
kafunzi,/kafunzi/,n.,existence
kÁg,/kɑːg/,v.,illustrate
kagÁf,/kagɑːf/,n.,pressure
kago,/kago/,n.,death
kagŪ,/kaguː/,n.,service
kagug,/kagug/,n.,recognition
kagʊna,/kagʊna/,n.,preparation
kahao,/kahao̯/,n.,decision
kahÁt,/kahɑːt/,n.,behavior
kahe,/kahe/,n.,defense
kahĒ,/kahɜː/,n.,discovery
kÁhĒ,/kɑːhɜː/,n.,pile; heap; mound
kahoma,/kahoma/,n.,reflection
kahŌp,/kahoːp/,n.,excitement
kÁhŪq,/kɑːhuːq/,n.,patriot
kahʌr,/kahʌr/,n.,intervention
kajam,/kaʤam/,n.,reversal
kajʊ,/kaʤʊ/,n.,treatment
kakau,/kakaʊ̯/,n.,failure
kakŌr,/kakoːr/,n.,work
kam,/kam/,adj.,next
kamiwdʌ,/kamiwdʌ/,n.,analysis
kaneq,/kaneq/,n.,action (movement)
kanŪf,/kanuːf/,n.,settlement (village)
kaŋoupaonpei,/kaŋoʊ̯pao̯npeɪ̯/,n.,choice
kao,/kao̯/,adv.,later
kaok,/kao̯k/,n.,restaurant; diner
kaomdau,/kao̯mdaʊ̯/,v.,count; calculate
kaoq,/kao̯q/,adj.,certain; sure
kaoɹ,/kao̯ɹ/,n.,parcel; package; bundle
kÁp,/kɑːp/,n.,snake
kapedĒ,/kapedɜː/,n.,control
kapev,/kapev/,n.,advertisement
kapiɕ,/kapiɕ/,n.,thought
kare,/kare/,n.,permission
kaɹ,/kaɹ/,n.,child (young human being); child (son or daughter of any age)
kaɹoknĒqor,/kaɹoknɜːqor/,n.,argument
kaɺʌ,/kaɺʌ/,n.,hearing
kÁs,/kɑːs/,n.,impulse
kasao,/kasao̯/,n.,loss
kaʃŌ,/kaʃoː/,n.,appearance (act of appearing)
kaʃŌm,/kaʃoːm/,n.,destruction
kaʃu,/kaʃu/,n.,discussion
kat,/kat/,n.,archive
kata,/kata/,n.,movement; motion
kates,/kates/,n.,nickname
katke,/katke/,adj.,casual
kaʧou,/kaʧoʊ̯/,n.,start; beginning
katʌɹ,/katʌɹ/,n.,fight
kau,/kaʊ̯/,v.,fail
kauddo,/kaʊ̯ddo/,n.,diameter
kavÁ,/kavɑː/,n.,feeling
kavi,/kavi/,n.,description
kavi,/kavi/,n.,explanation
kÄʌq,/kalʌq/,n.,proof
kaw,/kaw/,n.,god
kaweipʊksŪ,/kaweɪ̯pʊksuː/,n.,reservation
kawo,/kawo/,n.,victory
kawoudgaospei,/kawoʊ̯dgao̯speɪ̯/,n.,exam
kazbaofʊl,/kazbao̯fʊl/,n.,direction (way)
kaʒaoh,/kaʒao̯h/,n.,division
kaʒih,/kaʒih/,n.,conquest
kaʒobju,/kaʒobʤu/,n.,election
kÁʒufŌ,/kɑːʒufoː/,v.,bore
ke,/ke/,adv.,up
ke,/ke/,prep.,up
kĒ,/kɜː/,adv.,here
kebathÁ,/kebathɑː/,adj.,spontaneous
kĒbsat,/kɜːbsat/,n.,tank (military position)
kefgo,/kefgo/,n.,clan
keg,/keg/,n.,snow
keg,/keg/,v.,snow
keh,/keh/,n.,entrance
kĒh,/kɜːh/,n.,thread; strand
kei,/keɪ̯/,n.,goal (objective); target
keir,/keɪ̯r/,n.,foliage
keit,/keɪ̯t/,n.,brush; beard; brush (for hair)
kejbau,/keʤbaʊ̯/,n.,wolf
kĒk,/kɜːk/,n.,evening
kel,/kel/,adj.,vibrant
kĒlkĒ,/kɜːlkɜː/,n.,question
kĒm,/kɜːm/,n.,hood
kemra,/kemra/,n.,mystery
ken,/ken/,v.,pinch
kep,/kep/,adj.,recent
kĒs,/kɜːs/,adj.,high; tall
kĒs ju,/kɜːs ʤu/,n.,upper class
kĒs tʊq,/kɜːs tʊq/,n.,thigh
ketjas,/ketʤas/,n.,anchor
kevli,/kevli/,adv.,aboard
ki,/ki/,v.,help; assist; amend; treat
ki,/ki/,n.,help
kifao,/kifao̯/,v.,hide; lurk
kinsaon,/kinsao̯n/,det.,much
kip,/kip/,n.,dream
kip,/kip/,v.,dream
kismol,/kismol/,v.,pardon
ko,/ko/,adj.,new
kŌ,/koː/,prep.,for (the purpose of)
kŌd,/koːd/,n.,hair (of body); fur
kokfĒ,/kokfɜː/,v.,reveal; expose
koljʊg,/kolʤʊg/,n.,surf
kŌm,/koːm/,adj.,random
kom,/kom/,n.,trap
kŌmaohÁ,/koːmao̯hɑː/,n.,web; net
komrao,/komrao̯/,n.,bow (decorative material)
komŪ,/komuː/,n.,tower
kŌmʌ,/koːmʌ/,v.,vanish; disappear; evaporate
kon,/kon/,n.,steam
kŌp,/koːp/,v.,measure
kopmokfe,/kopmokfe/,n.,suggestion
koq,/koq/,n.,criteria
kŌr,/koːr/,v.,work (be employed); work (toil)
koɹ,/koɹ/,n.,glove
kot,/kot/,v.,hover
kou,/koʊ̯/,v.,try (attempt); attempt
koub,/koub/,adj.,dumb; dull
koulou,/koʊ̯loʊ̯/,v.,dispose
kout,/koʊ̯t/,n.,contact
kov,/kov/,v.,crunch; chew
ku,/ku/,prep.,under; below
ku,/ku/,pron.,he; it
kubzei,/kubzeɪ̯/,n.,journey; trip; tour; voyage
kuɕ,/kuɕ/,n.,charcoal
kŪf,/kuːf/,n.,diamond
kul,/kul/,v.,forget; ignore
kuljao,/kulʤao̯/,n.,point; position (location)
kŪm,/kuːm/,n.,party
kuma,/kuma/,n.,magic
kuma ŋah,/kuma ŋah/,n.,potion
kur,/kur/,n.,infection
kut,/kut/,n.,velocity
kŪt,/kuːt/,n.,scope; extent
kʊ,/kʊ/,v.,practice
kʊb,/kʊb/,n.,holiday; vacation
kʊs,/kʊs/,n.,secret
kʊssi,/kʊssi/,n.,jam
kʌ,/kʌ/,n.,story; fable; plot
kʌno,/kʌno/,v.,emit; discharge; radiate
kʌptʌk,/kʌptʌk/,n.,wedding
kʌvo,/kʌvo/,v.,skate
la,/la/,adv.,well
lÁ,/lɑː/,v.,write
lÁ'ekʌl,/laː'ekʌl/,n.,cellular override
lab,/lab/,v.,arrest
lÁbe,/lɑːbe/,n.,tribute
laɕ,/laɕ/,n.,chord
lÁɕ,/lɑːɕ/,n.,protagonist
lad,/lad/,v.,tangle
laf,/laf/,v.,see; understand; realize; perceive; scan; recognize; notice; foresee; date; go out; attend; examine; anticipate; predict
lag,/lag/,v.,cover; protect
lÁl,/lɑːl/,v.,breed
lÁlhou,/lɑːlhoʊ̯/,n.,rag
lam,/lam/,pron.,everybody
lÁm,/lɑːm/,v.,breathe
lan,/lan/,adv.,ago
lao,/lao̯/,conj.,if; whether; when
laofŌ,/lao̯foː/,n.,lawn
laonhŌt,/lao̯nhoːt/,v.,withdraw; take out; extract
laoswow,/lao̯swow/,n.,census
lÁpo,/lɑːpo/,v.,please; satisfy
laponʊ,/laponʊ/,n.,stream; creek
lapŪ,/lapuː/,n.,leaf
lat,/lat/,v.,crush; grind; crumple
latŌw,/latoːw/,n.,candidate
lau,/laʊ̯/,v.,increase; expand; extend; gain; exacerbate
laub,/laʊ̯b/,adj.,single
lautÁ,/laʊ̯tɑː/,adj.,ugly
lav,/lav/,v.,found; establish
lÁw,/lɑːw/,n.,traffic
lÁw vŌk,/lɑːw voːk/,n.,pavement
le,/le/,n.,war; battle
lĒ,/lɜː/,n.,merchandise
lebbei,/lebbeɪ̯/,v.,teach; instruct; educate
leɕ,/leɕ/,n.,fly
led,/led/,n.,course (direction of travel); life (lifetime)
led bil,/led bil/,n.,semen
lĒf,/lɜːf/,n.,platform
legju,/legʤu/,n.,receipt
leh,/leh/,n.,lord
lĒh,/lɜːh/,adv.,least
lehdʊn,/lehdʊn/,n.,opinion
lei,/leɪ̯/,adj.,healthy
lĒi,/lɜːi/,v.,interrogate
leifni,/leɪ̯fni/,n.,scrap
lein,/leɪ̯n/,n.,twin
leippop,/leɪ̯ppop/,adv.,together
leis,/leɪ̯s/,n.,tin
leiv,/leɪ̯v/,v.,pat
lekbŪf,/lekbuːf/,v.,trip; fall; stumble
leĶʌ,/lekhʌ/,v.,govern; reign
lĒl,/lɜːl/,adj.,major
lep,/lep/,n.,champion
lĒp,/lɜːp/,v.,use; utilize; spend; manipulate; employ; exert; recruit
lĒp,/lɜːp/,n.,use
lepmu,/lepmu/,n.,reception (of office or hotel)
leptauh,/leptaʊ̯h/,n.,medicine
leq,/leq/,n.,feast
lĒr,/lɜːr/,v.,lick
lĒra,/lɜːra/,v.,capture; seize
les,/les/,n.,lock
lĒs,/lɜːs/,adj.,early
lescŌ,/lescoː/,n.,comedy; humor
lĒsrʌ,/lɜːsrʌ/,n.,fluid; liquid
levwi,/levwi/,adj.,round
lĒzbĒ,/lɜːzbɜː/,v.,dig; scoop
li,/li/,v.,be (located)
lih,/lih/,n.,rice
lijʊ,/liʤʊ/,adj.,sober
lil,/lil/,n.,fraud
lilo,/lilo/,adj.,tropical
lim,/lim/,v.,fascinate
linse,/linse/,n.,pepper
lip,/lip/,n.,agriculture
litli,/litli/,n.,default
liv,/liv/,v.,wish
livra,/livra/,n.,lobster
liʒa,/liʒa/,n.,bulb (plant root)
lŌ,/loː/,adj.,old; mature; antique
lŌb,/loːb/,v.,consult
lob,/lob/,v.,ride
lobduɕ,/lobduɕ/,n.,civilian
lŌɕ,/loːɕ/,v.,pause
lod,/lod/,n.,manner
lof,/lof/,adv.,barely; merely
lŌfi,/loːfi/,n.,liver
lŌh,/loːh/,n.,tire
loh,/loh/,adj.,cool (fashionable)
lok,/lok/,n.,erection
loĶo,/lokho/,prep.,beyond
lŌlko,/loːlko/,n.,atmosphere
lolli,/lolli/,n.,flag; banner
lŌlosvʌ,/loːlosvʌ/,n.,ginger
lon,/lon/,n.,ink
lonum,/lonum/,n.,blood; family (related by blood)
lonum oŌ,/lonum ooː/,n.,vein
lonzÁ,/lonzɑː/,n.,veil
lop,/lop/,v.,inflict
lŌsnŪ,/loːsnuː/,n.,biscuit
lŌt,/loːt/,n.,channel (of water); artery
lot,/lot/,v.,waste
lotor,/lotor/,v.,meditate
lŌtsoɹ,/loːtsoɹ/,n.,rubble; debris; remains; remnant
lotzʊv,/lotzʊv/,n.,peasant
lou,/loʊ̯/,adj.,able; capable; competent
loub,/loʊ̯b/,n.,flour
louɕi,/loʊ̯ɕi/,n.,lump; bump; knot
louf,/loʊ̯f/,n.,drama
louh,/loʊ̯h/,n.,happiness
lour,/loʊ̯r/,n.,costume; garment
lov,/lov/,adj.,specific; definite; particular; distinct; apparent
lozbu,/lozbu/,n.,skeleton; hull; fossil
lu,/lu/,adv.,how
lŪ,/luː/,v.,roast
lŪd,/luːd/,v.,check; examine; confirm
lŪf,/luːf/,n.,furniture
lukfo,/lukfo/,n.,rumor; scandal
lŪlÁt,/luːlɑːt/,adj.,classic
lum,/lum/,v.,inhabit
lun,/lun/,adj.,silly
lunÁ,/lunɑː/,v.,vindicate
lŪr,/luːr/,n.,leather
lŪt,/luːt/,adj.,normal; regular
lŪv,/luːv/,n.,beer
lʊ,/lʊ/,conj.,that
lʊɕau,/lʊɕaʊ̯/,n.,princess
lʊɕod,/lʊɕod/,n.,station (railroad; bus)
lʊf,/lʊf/,v.,abandon; desert
lʊl,/lʊl/,n.,bruise
lʊn,/lʊn/,v.,insist; persist
lʊp,/lʊp/,v.,prosecute
lʊr,/lʊr/,n.,legend
lʊɹ,/lʊɹ/,n.,basement
lʊsra,/lʊsra/,n.,pyramid; pile
lʊt,/lʊt/,n.,myth
lʊv,/lʊv/,n.,chicken; fowl; poultry
lʊw,/lʊw/,n.,society
lʌ,/lʌ/,det.,same
lʌ Ēpajo,/lʌ ɜːpaʤo/,n.,homosexual
lʌb,/lʌb/,n.,wood
lʌe,/lʌe/,n.,germ; bacteria
lʌg,/lʌg/,v.,dance
lʌp,/lʌp/,adj.,fancy
lʌq,/lʌq/,v.,prove
lʌsgo,/lʌsgo/,v.,pronounce; express
ma,/ma/,interj.,okay
mÁ,/mɑː/,n.,program
mabmÁ,/mabmɑː/,adj.,delicious
mÁf,/mɑːf/,n.,bag
mag,/mag/,adj.,stupid; dumb; silly
mÁhĒt,/mɑːhɜːt/,n.,match (for fire)
mak,/mak/,adj.,sudden; abrupt
mÁkbŪsrŌ,/mɑːkbuːsroː/,adj.,benign
mÄli,/malli/,n.,supervisor
mam,/mam/,n.,pattern; style
man,/man/,n.,apple
maof,/mao̯f/,v.,grind
mÁp,/mɑːp/,n.,funeral
maplʊbew,/maplʊbew/,n.,recipe; formula
mar,/mar/,v.,rock (move back and forth); toss
maɹ,/maɹ/,prep.,without
mas,/mas/,n.,foot
mas meʒaobu,/mas meʒao̯bu/,n.,footprint
masi,/masi̭/,n.,noise
mat,/mat/,n.,future
mator,/mator/,n.,glacier
mau,/maʊ̯/,num.,zero
mauɕ,/maʊ̯ɕ/,n.,map; chart
maudok,/maʊ̯dok/,n.,trunk (of tree)
maujlibzau,/maʊ̯ʤlibzaʊ̯/,adj.,curious
maukra,/maʊ̯kra/,n.,puppet
maul,/maʊ̯l/,adj.,bankrupt; broke
maun,/maʊ̯n/,adj.,precious; rare
maup,/maʊ̯p/,conj.,or; either
maut,/maʊ̯t/,adj.,opposite
mav,/mav/,n.,dusk
mÁznʌnje,/mɑːznʌnje/,n.,career
me,/me/,v.,shift; vary
mĒ,/mɜː/,n.,tree; shrub
mebnʊr,/mebnʊr/,adj.,mobile; portable
med,/med/,n.,propaganda
medlo,/medlo/,v.,screw; fuck (slang)
meg,/meg/,n.,ship
mĒg,/mɜːg/,n.,media
mei,/meɪ̯/,det.,many
meif,/meɪ̯f/,v.,rub; massage; wipe
meig,/meɪ̯g/,n.,tongue; language
meih,/meɪ̯h/,v.,confine
mein,/meɪ̯n/,v.,claim
meis,/meɪ̯s/,v.,stress
meis,/meɪ̯s/,pron.,theirs
meis,/meɪ̯s/,det.,their
mek,/mek/,v.,discharge; excuse
mek,/mek/,n.,excuse
mennʌk,/mennʌk/,n.,apology
mep,/mep/,v.,depend; rely on
mĒp,/mɜːp/,n.,spasm; seizure
meq,/meq/,adj.,massive; enormous
mĒr,/mɜːr/,n.,hoax
mĒrĒ,/mɜːrɜː/,n.,cigarette
mĒɹ,/mɜːɹ/,n.,embryo
met,/met/,n.,strategy (plan); tactic
mev,/mev/,n.,chin; jaw; beard
meʒaobu,/meʒao̯bu/,v.,print
mĠ,/mog/,n.,audience
mĠnah,/mognah/,n.,policy
mi,/mi/,n.,oil; grease
mibje,/mibʤe/,v.,assume; presume
miɕʌkne,/miɕʌkne/,n.,salad
midga,/midga/,v.,receive; collect; accept; earn; gain; gather; compile
miglan,/miglan/,n.,demon
mik,/mik/,n.,jungle
min,/min/,n.,edge; shore; coast; verge
miq,/miq/,n.,click
mis,/mis/,n.,voice
mit,/mit/,v.,cover up
miw,/miw/,n.,assassin
miwdʌ,/miwdʌ/,v.,analyze; inspect
mizbŪʊ,/mizbuːʊ/,n.,sequence; order; hierarchy
mo,/mo/,adv.,why
mŌ,/moː/,v.,involve; entail
mobdi,/mobdi/,n.,lyrics
mŌɕ,/moːɕ/,n.,dawn; birth
mod,/mod/,n.,vehicle
mŌf,/moːf/,adj.,popular
mŌfi,/moːfi/,n.,destination
mŌl,/moːl/,v.,stain
mŌlau,/moːlaʊ̯/,n.,liberty
mŌlfobza,/moːlfobza/,n.,dump
mŌm,/moːm/,v.,embarrass
moo,/moo/,adj.,smooth; sleek
mop,/mop/,n.,pair
mŌq,/moːq/,adj.,long
mŌq kʌ,/moːq kʌ/,n.,history
morza,/morza/,n.,remedy
mŌs,/moːs/,adj.,famous
mos,/mos/,n.,casino
mosmav,/mosmav/,adj.,holy; sacred
moʃot,/moʃot/,v.,throw; toss; hurl; fling; propel
mŌt,/moːt/,n.,laboratory
mou,/moʊ̯/,v.,live; survive; withstand
moub,/moʊ̯b/,n.,oven
mounha,/moʊ̯nha/,adj.,cruel
mous,/moʊ̯s/,adj.,hollow
mouv,/moʊ̯v/,v.,import
mouwdu,/moʊ̯wdu/,n.,amateur
mŌv,/moːv/,n.,hat
movne,/movne/,n.,offer
mu,/mu/,n.,condition (requirement; stipulation)
mŪ,/muː/,n.,picture
mud,/mud/,v.,enlist
mŪhik,/muːhik/,adv.,otherwise
mum,/mum/,v.,impose
mŪm,/muːm/,n.,vagina
mŪp,/muːp/,adj.,vague; obscure
mŪr,/muːr/,n.,mission
mut,/mut/,n.,joke; humor
mŪv,/muːv/,n.,clerk; accountant
mʊb,/mʊb/,adv.,nowadays
mʊf,/mʊf/,adj.,violent
mʊn,/mʊn/,n.,resort
mʊneŌ,/mʊneoː/,n.,stool (seat)
mʊpmo,/mʊpmo/,v.,decorate
mʌ,/mʌ/,n.,son
mʌaʃi,/mʌaʃi/,n.,flesh
mʌb,/mʌb/,n.,couple
mʌbzo,/mʌbzo/,v.,cram
mʌd,/mʌd/,n.,bone
mʌf,/mʌf/,n.,dam
mʌh,/mʌh/,n.,shelf; rack
mʌlgo,/mʌlgo/,n.,sewage
mʌrrŌ,/mʌrroː/,n.,hangover
na,/na/,n.,dish
nÄ,/nal/,n.,dash
nÁ,/nɑː/,n.,hand; wrist; palm (of hand); ankle
nad,/nad/,n.,system
nadrʌ,/nadrʌ/,pron.,anything
nam,/nam/,n.,wine
nao,/nao̯/,det.,both
nÁp,/nɑːp/,n.,pasta
nÁrge,/nɑːrge/,n.,ass
nas,/nas/,adj.,sore
nÁtbŌ,/nɑːtboː/,n.,chapter
nau,/naʊ̯/,v.,know (a fact); know (be acquainted with)
nÁv,/nɑːv/,adj.,plausible
nazla,/nazla/,n.,acronym
ne,/ne/,prep.,through
nĒ,/nɜː/,n.,idea; concept
ne ɕoutei,/ne ɕoʊ̯teɪ̯/,n.,lens
nĒb,/nɜːb/,v.,fly
neda,/neda/,n.,creek
nĒh,/nɜːh/,n.,capsule; tablet
neif,/neɪ̯f/,v.,skid
neiq,/neɪ̯q/,adv.,off
nĒk,/nɜːk/,n.,ring
nem,/nem/,n.,bench
nĒna,/nɜːna/,prep.,around
nenzad,/nenzad/,n.,milk
nepte,/nepte/,v.,ruffle
neq,/neq/,v.,perform; behave
netŌ,/netoː/,v.,vow
netop,/netop/,n.,stall; kiosk
nĠ,/nog/,v.,affect; influence; persuade
ni,/ni/,prep.,among
nib,/nib/,v.,need (require); need (lack)
nib,/nib/,n.,need
nidrŌ,/nidroː/,adj.,volatile
nig,/nig/,n.,clothes; clothing; garment
nih,/nih/,v.,promise; assure; convince
nil,/nil/,n.,heel
nilhÁ,/nilhɑː/,n.,animal; creature; beast; organism
nilhÁ ʒumou,/nilhɑː ʒumoʊ̯/,n.,wildlife
nimŌ,/nimoː/,n.,brain
nir,/nir/,n.,province; territory
niɹ,/niɹ/,n.,route
no,/no/,adj.,sick; ill; unwell
nŌ,/noː/,v.,change; modify; vary; differ
nŌ,/noː/,n.,change
nŌb,/noːb/,n.,fat (component in food)
nob,/nob/,adj.,only
nofhʊl,/nofhʊl/,n.,fish
nŌfŌ,/noːfoː/,num.,thirteen
noh,/noh/,adj.,interior
nŌk,/noːk/,v.,restrain
nok,/nok/,adj.,wet; damp; moist
nŌl,/noːl/,v.,bounce
nol,/nol/,n.,mule
nolcu,/nolcu/,v.,bow
nŌm,/noːm/,n.,passion
non,/non/,v.,wiggle
nonvŌscŌ,/nonvoːscoː/,prep.,including
nop,/nop/,adj.,great (excellent); awesome
noɹ,/noɹ/,adj.,frequent
noɹoufnu,/noɹoʊ̯fnu/,n.,trauma
noscu,/noscu/,n.,nurse
noʃĠjŌɕ,/noʃogʤoːɕ/,n.,sample; example
nŌt,/noːt/,n.,bait
nou,/noʊ̯/,num.,four
noud,/noʊ̯d/,adj.,necessary
noupmao,/noʊ̯pmao̯/,n.,chime
nouq,/noʊ̯q/,pron.,ours (including you)
nouq,/noʊ̯q/,det.,our (including you)
nouv,/noʊ̯v/,n.,draft; diagram
nouvlĒ,/noʊ̯vlɜː/,n.,pearl
nov,/nov/,n.,present (time)
nŌw,/noːw/,adj.,weak
now,/now/,n.,nerve
nu,/nu/,adj.,whole; entire
nŪ,/nuː/,n.,job
nŪ,/nuː/,pron.,yours (pl)
nŪ,/nuː/,det.,your (pl)
nuɕ,/nuɕ/,v.,travel
nud,/nud/,n.,camel
nŪf,/nuːf/,v.,settle; stay
nŪfa,/nuːfa/,n.,temperature
nŪkfeip,/nuːkfeɪ̯p/,n.,shirt
nuksʌlpĒ,/nuksʌlpɜː/,n.,person
nŪl,/nuːl/,n.,usher
numlo,/numlo/,n.,canoe
nuna,/nuna/,v.,vibrate; shiver
nŪnsa,/nuːnsa/,n.,claw
nuq,/nuq/,n.,skill; talent
nur,/nur/,n.,packet
nusi,/nusi/,v.,affiliate
nŪʃŌ,/nuːʃoː/,v.,clap; pat
nut,/nut/,n.,shame; stigma
nŪt,/nuːt/,n.,tradition; ritual
nutzʌ,/nutzʌ/,n.,teenager; adolescent
nuw,/nuw/,v.,separate; isolate; segregate
nŪw,/nuːw/,n.,mail
nuwgʌ,/nuwgʌ/,adv.,actually
nʊ,/nʊ/,n.,book; novel
nʊno,/nʊno/,v.,discriminate
nʊp,/nʊp/,adj.,extreme; intense; radical
nʊw,/nʊw/,v.,devote; donate
nʌ,/nʌ/,n.,country (nation)
nʌ pet,/nʌ pet/,n.,citizen
nʌb,/nʌb/,adj.,rough; raw
nʌd,/nʌd/,v.,supply
nʌf,/nʌf/,n.,hag (old woman)
nʌg,/nʌg/,v.,focus
nʌl,/nʌl/,n.,version
nʌp,/nʌp/,n.,gauge
nʌplʌ,/nʌplʌ/,n.,campaign; crusade
nʌr,/nʌr/,pron.,someone; somebody
nʌrmʊ,/nʌrmʊ/,v.,convert
nʌw,/nʌw/,n.,arch; arc; dome
nʌw jar,/nʌw ʤar/,n.,rainbow
ŋa,/ŋa/,v.,show; demonstrate; present
ŋÁ,/ŋɑː/,num.,million
ŋÁdle,/ŋɑːdle/,v.,shake
ŋÁdouk,/ŋɑːdoʊ̯k/,n.,amount; quantity; volume; capacity
ŋÁdu,/ŋɑːdu/,v.,shudder; shiver
ŋafut,/ŋafut/,v.,moan
ŋah,/ŋah/,n.,drink; beverage
ŋakbŪ,/ŋakbuː/,n.,update
ŋanza,/ŋanza/,n.,thesis
ŋao,/ŋao̯/,v.,must; have to
ŋaoɹ,/ŋao̯ɹ/,n.,host
ŋÁɹ,/ŋɑːɹ/,adj.,pregnant
ŋaɹokne,/ŋaɹokne/,n.,constitution
ŋas,/ŋas/,prep.,along
ŋat,/ŋat/,n.,chance; odds; fluke
ŋau,/ŋaʊ̯/,n.,fear
ŋaugfŌ,/ŋaʊ̯gfoː/,n.,song; music
ŋaum,/ŋaʊ̯m/,n.,label
ŋaunib,/ŋaʊ̯nib/,n.,anger; fury
ŋawŌ,/ŋawoː/,n.,shoulder
ŋe,/ŋe/,v.,do; make; generate; prepare; induce; put (cause to be)
ŋĒ,/ŋɜː/,n.,second (time)
ŋĒbnep,/ŋɜːbnep/,n.,grain
ŋed,/ŋed/,n.,juice; syrup; blood
ŋĒf,/ŋɜːf/,v.,ignore; overlook
ŋĒg,/ŋɜːg/,v.,crawl
ŋei,/ŋeɪ̯/,det.,few
ŋeib,/ŋeɪ̯b/,n.,dinner
ŋeig,/ŋeɪ̯g/,n.,twilight
ŋeir,/ŋeɪ̯r/,n.,gadget
ŋeje,/ŋeʤe/,n.,craft
ŋekdʌ,/ŋekdʌ/,n.,caterpillar
ŋĒli,/ŋɜːli/,v.,connect; attribute
ŋĒm,/ŋɜːm/,adj.,mere
ŋĒmu,/ŋɜːmu/,adj.,triple
ŋena,/ŋena/,n.,comb
ŋĒp,/ŋɜːp/,n.,science
ŋepmao,/ŋepmao̯/,v.,break; split; tear; interrupt
ŋer,/ŋer/,n.,staple
ŋespʊ,/ŋespʊ/,n.,temple
ŋĒsrei,/ŋɜːsreɪ̯/,n.,phone
ŋi,/ŋi/,v.,hate; resent
ŋi,/ŋi/,n.,hate
ŋiɕo,/ŋiɕo/,v.,face; confront
ŋim,/ŋim/,v.,attract; lure; seduce; charm
ŋinop,/ŋinop/,n.,counter (flat; elevated surface)
ŋiɹ,/ŋiɹ/,n.,recession
ŋit,/ŋit/,n.,lake
ŋo,/ŋo/,num.,thousand
ŋŌ,/ŋoː/,n.,officer
ŋŌdgu,/ŋoːdgu/,n.,option
ŋodmÁ,/ŋodmɑː/,v.,estimate
ŋof,/ŋof/,n.,climate
ŋoh,/ŋoh/,adj.,noble; elite
ŋok,/ŋok/,v.,forge; mold
ŋŌl,/ŋoːl/,n.,grade; rank (position)
ŋol,/ŋol/,adv.,already
ŋop,/ŋop/,n.,excrement; sewage
ŋŌr,/ŋoːr/,n.,orphan
ŋot,/ŋot/,n.,mirror
ŋou,/ŋoʊ̯/,n.,husband
ŋoumnu,/ŋoʊ̯mnu/,n.,array
ŋoupaonpei,/ŋoʊ̯pao̯npeɪ̯/,v.,choose; select
ŋouw,/ŋoʊ̯w/,n.,handcuff
ŋu,/ŋu/,adj.,free
ŋŪ,/ŋuː/,n.,ticket; license
ŋŪɕ,/ŋuːɕ/,n.,enemy; rebel
ŋujtŪdi,/ŋuʤtuːdi/,adj.,obscure
ŋum,/ŋum/,adj.,calm; gentle
ŋun,/ŋun/,n.,fringe; verge
ŋŪn,/ŋuːn/,n.,mouse
ŋŪp,/ŋuːp/,v.,lend; loan; invest
ŋŪɹ,/ŋuːɹ/,n.,voucher
ŋŪv,/ŋuːv/,prep.,in; within; into
ŋʊ,/ŋʊ/,v.,love
ŋʊfau,/ŋʊfaʊ̯/,n.,portion; segment
ŋʊp,/ŋʊp/,n.,pumpkin
ŋʊɹ,/ŋʊɹ/,v.,keep (not return)
ŋʌ,/ŋʌ/,n.,court (of law); tribunal
ŋʌd,/ŋʌd/,n.,cream
ŋʌn,/ŋʌn/,n.,dot; spot
ŋʌplʊni,/ŋʌplʊni/,v.,know (be acquainted with)
ŋʌpme,/ŋʌpme/,n.,bottom (lowest part); buttocks
ŋʌr,/ŋʌr/,v.,slash
ŋʌw,/ŋʌw/,adj.,loose
ŋʌwao,/ŋʌwao̯/,n.,cigar
o,/o/,n.,sun
Ō,/oː/,v.,could
ob,/ob/,n.,desk
obbei,/obbeɪ̯/,v.,get; obtain; acquire; inherit
obdʌ,/obdʌ/,n.,rake
Ōdlu,/oːdlu/,adj.,quiet
Ōdur,/oːdur/,n.,thunder
Ōf,/oːf/,adv.,about
of,/of/,n.,eel
Ōg,/oːg/,n.,peak; orgasm
oh,/oh/,n.,castle; palace
ohos,/ohos/,adj.,cheap
ohovre,/ohovre/,n.,kitten
ojiddo,/oʤiddo/,n.,gap
ok,/ok/,n.,level (degree; stage)
okfu,/okfu/,n.,revenge
Ōl,/oːl/,adj.,wild
ol,/ol/,v.,innovate
olkʊ,/olkʊ/,v.,quit; surrender; give up
olŪ,/oluː/,adj.,silent
Ōm,/oːm/,n.,container
omĒ,/omɜː/,n.,referendum
Ōmʌ,/oːmʌ/,n.,air; breeze
on,/on/,v.,pierce; prick
one,/one/,v.,march
onli,/onli/,n.,aunt
oŌ,/ooː/,n.,line
Ōp,/oːp/,v.,stretch
opma,/opma/,n.,perfection
opmokfe,/opmokfe/,v.,suggest; hint; imply; indicate
opmokfe,/opmokfe/,n.,hint
opmos,/opmos/,v.,sail
oruɹ,/oruɹ/,n.,puppy
orzŪf,/orzuːf/,v.,direct; conduct
oɹ,/oɹ/,n.,molecule
os,/os/,n.,surgery
Ōt,/oːt/,n.,angel; saint
ou,/oʊ̯/,adv.,also; as well
oub,/oʊ̯b/,n.,candy
ouh,/oʊ̯h/,n.,drought
ouk,/oʊ̯k/,n.,spirit; soul
ouk ɹik,/oʊ̯k ɹik/,n.,mood
oun,/oʊ̯n/,n.,country (rural area)
oup,/oʊ̯p/,n.,panorama
oupmo,/oʊ̯pmo/,n.,grass; lawn
ousi,/oʊ̯si/,n.,prestige
Ōv,/oːv/,n.,discount
ov,/ov/,n.,luxury
ow,/ow/,v.,finish; close; shut
ow,/ow/,n.,end
ozlu,/ozlu/,n.,circus
pa,/pa/,pron.,you all
pÁ,/pɑː/,v.,feel (sense by touch); feel (examine by touch)
pab,/pab/,v.,judge
pÁɕ,/pɑːɕ/,n.,squirrel
padʊ,/padʊ/,v.,hiss
paei,/paeɪ̯/,n.,blur
paf,/paf/,n.,site; scene
pÁf,/pɑːf/,n.,coincidence
pÁg,/pɑːg/,n.,quality
pÁglŪ,/pɑːgluː/,n.,paragraph; clause
pajo,/paʤo/,n.,sex
pajo kŌd,/paʤo koːd/,n.,pubic hair
pajounpi,/paʤoʊ̯npi/,adj.,short; low
pÁjti,/pɑːʤti/,n.,tail
pakko,/pakko/,n.,rail
paksÁ,/paksɑː/,adj.,available
pÁksau,/pɑːksaʊ̯/,n.,coil
paĶu,/pakhu/,v.,dissolve; evaporate
pÁlÁ,/pɑːlɑː/,v.,glance
pam,/pam/,n.,information; data
pÁm,/pɑːm/,n.,dynamics
pamrʊ,/pamrʊ/,n.,hybrid
pÁŋŪ,/pɑːŋuː/,n.,rabbit
pao,/pao̯/,n.,student
paoh,/pao̯h/,n.,toast
paop,/pao̯p/,v.,solve; figure out; deduce
paoq,/pao̯q/,v.,register; book
pap,/pap/,n.,devil
papmʌ,/papmʌ/,n.,frenzy; seizure
paq,/paq/,v.,clip; snip; trim
pÁq,/pɑːq/,v.,compromise
par,/par/,num.,third
paɹ,/paɹ/,n.,word; language
paɹ nʊ,/paɹ nʊ/,n.,dictionary
pasru,/pasru/,v.,convict; sentence
pasvet,/pasvet/,n.,bathroom
pÁt,/pɑːt/,n.,limb; branch (tree part)
patsip,/patsip/,v.,tackle
pau,/paʊ̯/,adj.,tired (needing sleep); tired (needing rest)
paun,/paʊ̯n/,conj.,because
paus,/paʊ̯s/,adv.,yesterday
pav,/pav/,n.,item
pÁvlÁ,/pɑːvlɑː/,n.,fantasy; illusion
paw,/paw/,v.,soak; saturate; irrigate; marinate
pe,/pe/,prep.,from
pĒ,/pɜː/,adv.,maybe; perhaps
pĒbbÁgjʌ,/pɜːbbɑːgʤʌ/,n.,present; gift; souvenir
pedĒ,/pedɜː/,v.,control
pef,/pef/,num.,two
pĒf,/pɜːf/,n.,fetus
pegfo,/pegfo/,v.,violate
pei,/peɪ̯/,adv.,never
peib,/peɪ̯b/,conj.,unless
peil,/peɪ̯l/,n.,bird; penis (slang)
pein,/peɪ̯n/,v.,access
peipmŌ,/peɪ̯pmoː/,n.,lamb; victim
pekbu,/pekbu/,n.,birth
pem,/pem/,n.,ball; circle; wheel; ring
pemʌ,/pemʌ/,adj.,gray
pen,/pen/,n.,parlor; salon
pĒn,/pɜːn/,n.,stew; soup; broth
pep,/pep/,v.,deal; haggle
pĒppa,/pɜːppa/,adj.,medium
peppu,/peppu/,n.,orbit
pĒr,/pɜːr/,n.,oxygen
peɹ,/peɹ/,v.,deny; refuse
pestik,/pestik/,adv.,now
pet,/pet/,n.,member
petar,/petar/,v.,prowl; lurk
pev,/pev/,v.,advertise; promote
pew,/pew/,adj.,probable
phÁre,/phɑːre/,n.,military (Phalecian)
pi,/pi/,adv.,very; really; pretty; quite; rather
pibmʌf,/pibmʌf/,n.,dignity
piɕ,/piɕ/,v.,think; expect; understand; ponder; grasp; imagine
piei,/pieɪ̯/,n.,barrel; drum
pig,/pig/,v.,multiply; reproduce
pik,/pik/,n.,justice; tribunal
pikbeɹ,/pikbeɹ/,n.,energy (strength; stamina)
pil,/pil/,v.,clarify
pilbʊska,/pilbʊska/,adj.,straight
pim,/pim/,n.,uniform
pimʌvrŌp,/pimʌvroːp/,v.,sell
pimʌvrŌp,/pimʌvroːp/,n.,sale
pip,/pip/,n.,button (fastener for clothing)
pipmÁ,/pipmɑː/,n.,academy
piɹŌ,/piɹoː/,pron.,none
piɹŪ,/piɹuː/,adj.,miniature
pisiv,/pisiv/,v.,choke; gag
pisrʊg,/pisrʊg/,n.,hut; shack; shed
piw,/piw/,n.,mafia; mob
piwiq,/piwiq/,n.,music; melody; tune; chorus
po,/po/,pron.,her; it
pŌ,/poː/,pron.,something
pob,/pob/,n.,pond; pool
pŌchjau,/poːchjaʊ̯/,n.,property
pŌɕ,/poːɕ/,v.,swallow
poɕu,/poɕu/,v.,manipulate
pŌdlʌv,/poːdlʌv/,n.,south
pŌf,/poːf/,v.,thrust
pŌh,/poːh/,v.,charge
poh,/poh/,n.,horse
poha,/poha/,n.,bubble; foam
pŌhrÁ,/poːhrɑː/,v.,celebrate
pok,/pok/,v.,doubt
pokda,/pokda/,v.,draw
pokkekrʌ,/pokkekrʌ/,v.,surpass
pol,/pol/,adj.,heavy; serious; obese
poljeʃʊ,/polʤeʃʊ/,adj.,sole; lone
polsʊh,/polsʊh/,adj.,handsome; attractive
pŌm,/poːm/,v.,expel; fire (from job)
pomel,/pomel/,v.,fix; mend; repair; heal; cure
pŌmte,/poːmte/,v.,punish
pomʊ,/pomʊ/,v.,distract
pomʌ,/pomʌ/,v.,consolidate
pŌn,/poːn/,n.,emotion
pŌŋʌm,/poːŋʌm/,n.,core; nucleus
pŌp,/poːp/,n.,sea
pop,/pop/,conj.,while
pŌptŌ,/poːptoː/,n.,abdomen
pŌq,/poːq/,n.,emperor
por,/por/,v.,rattle
porga,/porga/,n.,document
poɹu,/poɹu/,v.,deliver
pos,/pos/,n.,wire
poscʌ,/poscʌ/,n.,necklace
poswaf,/poswaf/,n.,nursery
potzÁ,/potzɑː/,v.,elaborate
pou,/poʊ̯/,n.,fact
poub,/poʊ̯b/,adj.,spare
pousri,/poʊ̯sri/,n.,flavor
pov,/pov/,n.,grade
pŌvna,/poːvna/,n.,spear; lance; pike
powi,/powi/,v.,flash
pozlĒ,/pozlɜː/,v.,obey
poʒei,/poʒeɪ̯/,n.,girlfriend; mistress
pu,/pu/,prep.,by (agent performing an action); by (author or creator)
pu,/pu/,pron.,mine
pu,/pu/,det.,my
pŪ,/puː/,n.,man; husband; boyfriend
puɕ,/puɕ/,v.,sneeze
pŪɕŪ,/puːɕuː/,v.,cater
pŪf,/puːf/,prep.,against
pŪg,/puːg/,n.,snack
puge,/puge/,v.,defecate
pugla,/pugla/,n.,plug
puh,/puh/,n.,sponge
pŪh,/puːh/,n.,home
puk,/puk/,v.,sponsor
pŪkbaomhou,/puːkbao̯mhoʊ̯/,n.,venom
pul,/pul/,v.,offend
pulaog,/pulao̯g/,n.,veteran
pŪm,/puːm/,n.,stem
pup,/pup/,adj.,honest
pŪq,/puːq/,n.,school
pŪq,/puːq/,det.,some
pur,/pur/,adj.,equal; equivalent
puɹÁ,/puɹɑː/,conj.,since
pus,/pus/,n.,adventure
pŪs,/puːs/,adv.,too; so; very; really; also; as well
pŪswÄdo,/puːswaldo/,adj.,steep
pŪt,/puːt/,v.,enrich
putÁ,/putɑː/,n.,cement
pŪte,/puːte/,n.,perfume
putju,/putʤu/,n.,complex
pʊf,/pʊf/,v.,install; set up; prepare
pʊfa,/pʊfa/,n.,match (game); contest
pʊlnʌtluh,/pʊlnʌtluh/,n.,border; boundary; verge; perimeter
pʊn,/pʊn/,n.,coffin
pʊod,/pʊod/,adj.,lucky
pʊp,/pʊp/,adj.,current
pʊr,/pʊr/,v.,introduce
pʊrga,/pʊrga/,adj.,gorgeous
pʊs,/pʊs/,n.,stake
pʊw,/pʊw/,adj.,native
pʊzvau,/pʊzvaʊ̯/,adj.,fuzzy
pʊʒe,/pʊʒe/,n.,petal
pʌ,/pʌ/,v.,be (exist); be (permanent state)
pʌa,/pʌa/,n.,response
pʌb,/pʌb/,v.,retrieve; bring back; fetch; recover
pʌf,/pʌf/,n.,cart
pʌl,/pʌl/,n.,garbage; trash; rubbish; rubble; debris
pʌlko,/pʌlko/,v.,fry; simmer
pʌlnʌn,/pʌlnʌn/,n.,quilt
pʌmi,/pʌmi/,v.,stand
pʌna,/pʌna/,v.,pose
pʌnel,/pʌnel/,n.,alarm; siren
pʌp,/pʌp/,n.,spoon
pʌq,/pʌq/,n.,harbor; port
pʌre,/pʌre/,v.,shout; yell; scream; exclaim; proclaim
pʌs,/pʌs/,n.,bread
pʌt,/pʌt/,n.,ambassador
pʌv,/pʌv/,n.,tea
pʌw,/pʌw/,adj.,innocent; wholesome
pʌwʌ,/pʌwʌ/,n.,gossip
qÁ,/qɑː/,det.,any
qÁɕ,/qɑːɕ/,n.,oval
qÁfi,/qɑːfi/,adj.,exotic
qÁl,/qɑːl/,v.,stack
qan,/qan/,n.,whip
qao,/qao̯/,v.,return; go back; replace
qao,/qao̯/,n.,return
qÁp,/qɑːp/,prep.,versus
qas,/qas/,adj.,narrow
qau,/qaʊ̯/,n.,chain; bracelet
qaupmu,/qaʊ̯pmu/,v.,carry out; implement
qe,/qe/,n.,toy
qĒ,/qɜː/,n.,mountain; hill
qebbŪ,/qebbuː/,n.,flower
qĒf,/qɜːf/,v.,distinguish
qeh,/qeh/,n.,west
qei,/qeɪ̯/,v.,come; reach
qeibmʌ,/qeɪ̯bmʌ/,n.,zombie
qeildʊp,/qeɪ̯ldʊp/,n.,ceremony
qeilja,/qeɪ̯lʤa/,n.,age
qĒjbÁ,/qɜːʤbɑː/,n.,vocabulary
qek,/qek/,n.,lace
qĒk,/qɜːk/,n.,porch; veranda; terrace
qĒs,/qɜːs/,adj.,comic
qĒv,/qɜːv/,v.,interrupt; interfere
qi,/qi/,adv.,when
qib,/qib/,v.,smash; shatter
qibdŌ,/qibdoː/,prep.,alongside; as well as
qid,/qid/,n.,mess
qimo,/qimo/,adj.,manual
qin,/qin/,adj.,sophisticated
qiɹ,/qiɹ/,n.,crust
qo,/qo/,adv.,just; hardly; merely
qŌ,/qoː/,adj.,large; huge
qodto,/qodto/,n.,wave (ocean); surge
qŌl,/qoːl/,n.,tenant
qom,/qom/,n.,allergy
qonpa,/qonpa/,n.,loaf
qop,/qop/,n.,mother
qop ŋit,/qop ŋit/,n.,ocean
qoqŪ,/qoquː/,n.,camera
qoɹ,/qoɹ/,v.,drift
qosgi,/qosgi/,v.,recycle
qotʊ,/qotʊ/,n.,rope; tape
qou,/qoʊ̯/,conj.,and
qoufhop,/qoʊ̯fhop/,n.,lip
qouʒe,/qoʊ̯ʒe/,v.,uncover
qŌw,/qoːw/,n.,waist
qu,/qu/,n.,meal; picnic
qŪ,/quː/,v.,set
qŪf,/quːf/,v.,patrol
qŪpʊ,/quːpʊ/,v.,taste
qŪr,/quːr/,n.,sibling
quɹ,/quɹ/,interj.,welcome
qut,/qut/,n.,trouble
qŪt,/quːt/,n.,treason
quv,/quv/,n.,crown
qʊ,/qʊ/,adj.,hot; warm
qʊbdi,/qʊbdi/,n.,breakfast
qʊg,/qʊg/,n.,moon
qʌ,/qʌ/,n.,bowl
qʌbe,/qʌbe/,n.,spike; thorn
qʌdÁ,/qʌdɑː/,adj.,scared; afraid
qʌgle,/qʌgle/,v.,organize
qʌk,/qʌk/,adj.,various
qʌl,/qʌl/,n.,day; date; light
qʌma,/qʌma/,n.,skeptic; cynic
qʌtxaq,/qʌtxaq/,v.,show off
qʌw,/qʌw/,n.,tide
ra,/ra/,prep.,to; towards
rÄ,/ral/,adv.,less
rÁ,/rɑː/,adv.,almost; barely
rab,/rab/,adj.,awake; aware; conscious
raɕe,/raɕe/,n.,post
rad,/rad/,v.,hike
rÁjta,/rɑːʤta/,n.,rust
rÁm,/raːm/,det.,more
ramŪ,/ramuː/,v.,applaud; hail
rao,/rao̯/,n.,century
raobu,/rao̯bu/,n.,tab
raoĶĒ,/rao̯khɜː/,v.,ring
rap,/rap/,adj.,relevant
raq,/raq/,v.,annoy; bother; agitate; exacerbate
rÁq,/rɑːq/,n.,trip; tour
ras,/ras/,n.,exhibit
rÁs,/rɑːs/,v.,pick
rasrum,/rasrum/,adj.,fresh; raw
rat,/rat/,adj.,valid
rau,/raʊ̯/,v.,meet
raul,/raʊ̯l/,n.,message; note
raula,/raʊ̯la/,n.,axis; axle
rauvna,/raʊ̯vna/,v.,confirm; validate; verify
re,/re/,v.,let; allow (let); certify; enable; permit
rĒ,/rɜː/,n.,life (lifetime); life (soul)
rei,/reɪ̯/,v.,pay; spend
reihof,/reɪ̯hof/,adj.,excellent; fantastic; wonderful; fabulous; terrific; superb; fine (okay); amazing
reired,/reɪ̯red/,adj.,physical; tangible
rem,/rem/,n.,flame
rĒm,/rɜːm/,v.,surprise
renpom,/renpom/,n.,choir
rep,/rep/,v.,astonish; shock
req,/req/,v.,manage
reqÁ,/reqɑː/,n.,log
rĒqa,/rɜːqa/,n.,vest
rĒr,/rɜːr/,n.,goat
rĒs,/rɜːs/,n.,gold
resco,/resco/,adj.,regular
ret,/ret/,v.,adapt
rev,/rev/,n.,date
rew,/rew/,n.,athlete
reʒe,/reʒe/,v.,spank
ri,/ri/,prep.,at
ridmos,/ridmos/,n.,hawk
rikmi,/rikmi/,n.,grandfather
ril,/ril/,adj.,sincere; earnest
rin,/rin/,n.,noon; midday
rip,/rip/,adj.,private
riq,/riq/,adj.,external
rir,/rir/,v.,delay
riɹŌp,/riɹoːp/,adj.,jealous
rit,/rit/,n.,address
riv,/riv/,adv.,forever
rivau,/rivaʊ̯/,v.,feed
ro,/ro/,prep.,of
ro,/ro/,pron.,we (excluding you)
rŌ,/roː/,n.,star
rŌ ŋĒp,/roː ŋɜːp/,n.,astronomy
rŌb,/roːb/,v.,row
rob,/rob/,adj.,left
rŌd,/roːd/,pron.,hers; its
rŌd,/roːd/,det.,her
rŌh,/roːh/,n.,cliff
roh,/roh/,adj.,significant
rŌhi,/roːhi/,n.,currency (Aylaran)
rokfav,/rokfav/,n.,ash
rŌl,/roːl/,n.,bat (winged mammal)
rol,/rol/,n.,melody; tune
rŌma,/roːma/,v.,brace
romŪ,/romuː/,n.,factor; variable
rŌp,/roːp/,v.,accuse
ropmu,/ropmu/,n.,ambition
ropo,/ropo/,n.,balcony
rŌr,/roːr/,n.,top (clothing)
rŌs,/roːs/,n.,coat; jacket
rosmid,/rosmid/,v.,chat
rotzau,/rotzaʊ̯/,adj.,imminent; pending
rou,/roʊ̯/,prep.,about; concerning; regarding
roub,/roʊ̯b/,v.,post
roujtu,/roʊ̯ʤtu/,v.,wander
rour,/roʊ̯r/,n.,arrow (weapon); arrow (sign)
rousrĒ,/roʊ̯srɜː/,n.,friction
rousti,/roʊ̯sti/,v.,advance
ru,/ru/,adj.,former
rŪ,/ruː/,det.,all
rudfo,/rudfo/,adj.,ambiguous
rŪdrʊs,/ruːdrʊs/,n.,column; pillar
ruf,/ruf/,n.,loser
rŪf,/ruːf/,v.,bribe
rŪh,/ruːh/,n.,fuel
rŪk,/ruːk/,n.,nail
rul,/rul/,conj.,until
rŪme,/ruːme/,v.,replicate
rumi,/rumi/,v.,compose
run,/run/,n.,staff; crew
rŪnzi,/ruːnzi/,v.,crave
rŪp,/ruːp/,n.,camp
ruɹ,/ruɹ/,n.,dog
rŪv,/ruːv/,prep.,except; besides
rʊk,/rʊk/,n.,letter (written document)
rʊn,/rʊn/,v.,probe
rʊq,/rʊq/,v.,name; dub
rʊqŌ,/rʊqoː/,n.,fuse
rʊs,/rʊs/,n.,yogurt
rʊv,/rʊv/,n.,crab
rʌ,/rʌ/,v.,bring; fetch
rʌh,/rʌh/,v.,explore
rʌn,/rʌn/,n.,knife; blade
rʌou,/rʌoʊ̯/,v.,build; construct; erect
rʌr,/rʌr/,n.,ethic; integrity
rʌsse,/rʌsse/,adj.,funny
ɹa,/ɹa/,n.,technology
ɹÁ,/ɹɑː/,n.,disease; virus; flu
ɹÁf,/ɹɑːf/,v.,replace; substitute
ɹÁg,/ɹɑːg/,n.,seaweed
ɹÁlʌ,/ɹɑːlʌ/,adj.,bad; evil
ɹÁm,/ɹɑːm/,v.,approve
ɹamdo,/ɹamdo/,v.,sit
ɹao,/ɹao̯/,prep.,on
ɹaov,/ɹao̯v/,n.,theater; stage
ɹaq,/ɹaq/,n.,belt; strap
ɹÁs,/ɹɑːs/,v.,bend; fold; twist; lean
ɹat,/ɹat/,n.,ramp
ɹau,/ɹaʊ̯/,pron.,us (excluding you)
ɹauttei,/ɹaʊ̯tteɪ̯/,n.,cannon; artillery
ɹÁv,/ɹɑːv/,adj.,parallel
ɹe,/ɹe/,n.,door
ɹĒ,/ɹɜː/,n.,table; counter (flat; elevated surface)
ɹeba,/ɹeba/,v.,enforce; compel
ɹef,/ɹef/,v.,weave
ɹeha,/ɹeha/,adj.,petty
ɹei,/ɹeɪ̯/,v.,understand; realize; comprehend
ɹeih,/ɹeɪ̯h/,n.,kettle
ɹeis,/ɹeɪ̯s/,n.,compost; fertilizer
ɹejbŪt,/ɹeʤbuːt/,n.,coast; rib
ɹeldep,/ɹeldep/,v.,add
ɹemhʌg,/ɹemhʌg/,v.,comply; conform
ɹemnĒgja,/ɹemnɜːgʤa/,v.,cook (heat food); cook (prepare food)
ɹemreito,/ɹemreɪ̯to/,n.,ammunition
ɹev,/ɹev/,v.,impress
ɹi,/ɹi/,n.,area; region; territory
ɹibŌ,/ɹiboː/,n.,lion
ɹik,/ɹik/,n.,shape; pattern; structure; motif; constellation; stereotype
ɹiknʊ,/ɹiknʊ/,adj.,instant
ɹil,/ɹil/,v.,pave
ɹinlʌ,/ɹinlʌ/,n.,schedule; roster
ɹip,/ɹip/,adv.,ever
ɹipmep,/ɹipmep/,n.,elk
ɹis,/ɹis/,n.,coffee
ɹitu,/ɹitu/,n.,pirate
ɹiv,/ɹiv/,n.,effect
ɹo,/ɹo/,n.,kind; type
ɹŌ,/ɹoː/,adj.,strong; tough; solid; sturdy; robust
ɹŌ ŋah,/ɹoː ŋah/,n.,liquor
ɹoh,/ɹoh/,v.,vomit
ɹojtol,/ɹoʤtol/,num.,trillion
ɹŌk,/ɹoːk/,n.,medium
ɹoknĒqor,/ɹoknɜːqor/,v.,argue
ɹolho,/ɹolho/,n.,lobby
ɹolje,/ɹolʤe/,n.,shelter; shack
ɹom,/ɹom/,v.,commute
ɹomŌ,/ɹomoː/,v.,stoke
ɹon,/ɹon/,v.,dive; plant
ɹŌp,/ɹoːp/,n.,wardrobe
ɹop,/ɹop/,adj.,rigorous
ɹoptol,/ɹoptol/,n.,shed
ɹoq,/ɹoq/,adj.,corrupt
ɹouh,/ɹoʊ̯h/,adj.,pink
ɹout,/ɹoʊ̯t/,n.,grandmother
ɹowadmi,/ɹowadmi/,n.,ribbon; tape
ɹŌʒo,/ɹoːʒo/,v.,envision
ɹu,/ɹu/,adj.,foreign
ɹŪ,/ɹuː/,adj.,white; clear
ɹubo,/ɹubo/,n.,lust
ɹŪf,/ɹuːf/,v.,scrub
ɹŪhtei,/ɹuːhteɪ̯/,n.,crumb
ɹulo,/ɹulo/,v.,cost
ɹulo,/ɹulo/,n.,cost
ɹŪm,/ɹuːm/,n.,sauce
ɹupti,/ɹupti/,n.,bunch
ɹŪr,/ɹuːr/,n.,bra
ɹurgŪ,/ɹurguː/,v.,ridicule; humiliate; mock
ɹuɹ,/ɹuɹ/,v.,spit
ɹuɹ,/ɹuɹ/,n.,saliva
ɹʊ,/ɹʊ/,v.,become (begin to be); become (change into)
ɹʌ,/ɹʌ/,v.,steal; rob; deprive
ɹʌf,/ɹʌf/,v.,achieve; accomplish
ɹʌg,/ɹʌg/,n.,tattoo
ɹʌq,/ɹʌq/,n.,beetle
ɹʌspʊn,/ɹʌspʊn/,n.,insurgent
ɺa,/ɺa/,v.,create; found
ɺÁ,/ɺɑː/,num.,first
ɺaɕ,/ɺaɕ/,v.,worry
ɺÄeh,/ɺaleh/,v.,invite
ɺafi,/ɺafi/,n.,torso
ɺaglof,/ɺaglof/,n.,monster; beast
ɺÁl,/ɺɑːl/,n.,blouse
ɺan,/ɺan/,n.,brother
ɺÁn,/ɺɑːn/,adj.,nice
ɺao,/ɺao̯/,n.,lot
ɺaoti,/ɺao̯ti/,n.,spouse
ɺap,/ɺap/,v.,appeal
ɺaɹ,/ɺaɹ/,n.,spa (mineral spring)
ɺÁtsu,/ɺɑːtsu/,v.,evacuate
ɺatxu,/ɺatxu/,v.,dare; tempt
ɺau,/ɺaʊ̯/,n.,mouth
ɺauh,/ɺaʊ̯h/,n.,cove
ɺauk,/ɺaʊ̯k/,n.,fiction
ɺauv,/ɺaʊ̯v/,n.,professor
ɺÁw,/ɺɑːw/,n.,apartment
ɺe,/ɺe/,adv.,down
ɺe,/ɺe/,prep.,down
ɺĒ,/ɺɜː/,v.,save (put aside); rescue; liberate
ɺeg,/ɺeg/,n.,kitchen
ɺei,/ɺeɪ̯/,n.,cave
ɺeilro,/ɺeɪ̯lro/,v.,may
ɺelaf,/ɺelaf/,n.,case; event (occurrence); situation (circumstances; context); incident
ɺĒw,/ɺɜːw/,n.,education
ɺi,/ɺi/,adj.,different; other; distinct
ɺiɕ,/ɺiɕ/,v.,lift; raise; boost; erect
ɺihtel,/ɺihtel/,n.,seat; chair; saddle
ɺiŋŌ,/ɺiŋoː/,n.,trivia
ɺis,/ɺis/,adj.,fake
ɺivrŪp,/ɺivruːp/,n.,carriage
ɺŌ,/ɺoː/,adv.,so; therefore; thus
ɺoɕ,/ɺoɕ/,n.,sweetheart
ɺŌf,/ɺoːf/,n.,echo
ɺŌk,/ɺoːk/,v.,state; declare
ɺoknŌ,/ɺoknoː/,n.,diary; calendar
ɺolsʌs,/ɺolsʌs/,v.,wreck; ruin; devastate; spoil
ɺon,/ɺon/,n.,alcohol
ɺonlŪnpʊ,/ɺonluːnpʊ/,n.,park
ɺop,/ɺop/,n.,spine
ɺoptet,/ɺoptet/,n.,wizard; prophet
ɺoq,/ɺoq/,n.,east
ɺosco,/ɺosco/,v.,animate
ɺosi,/ɺosi/,v.,mark
ɺou,/ɺoʊ̯/,v.,hunt; stalk
ɺouh,/ɺoʊ̯h/,adj.,abundant; lush
ɺoup,/ɺoʊ̯p/,n.,pasture; meadow; prairie
ɺu,/ɺu/,v.,lie
ɺu,/ɺu/,n.,lie
ɺub,/ɺub/,adj.,false
ɺŪd,/ɺuːd/,v.,miss (not hit); miss (not take advantage of)
ɺuf,/ɺuf/,num.,eleven
ɺŪf,/ɺuːf/,n.,expert; specialist
ɺŪhdu,/ɺuːhdu/,n.,fatigue
ɺŪl,/ɺuːl/,v.,thank; praise; worship
ɺŪn,/ɺuːn/,adj.,past
ɺŪppi,/ɺuːppi/,v.,harass; intimidate
ɺŪt,/ɺuːt/,v.,send; transfer
ɺʊ,/ɺʊ/,det.,this
ɺʊ,/ɺʊ/,pron.,this
ɺʊdgo,/ɺʊdgo/,v.,go down; descend
ɺʊle,/ɺʊle/,v.,contrast
ɺʌ,/ɺʌ/,v.,listen; hear
ɺʌh,/ɺʌh/,n.,knee
ɺʌl,/ɺʌl/,n.,fog; mist
ɺʌm,/ɺʌm/,v.,pray
ɺʌmŌ,/ɺʌmoː/,n.,average
ɺʌr,/ɺʌr/,n.,silver
ɺʌw,/ɺʌw/,n.,fashion
sa,/sa/,det.,every; each
sÄ,/sal/,v.,touch; feel (sense by touch)
sÁ,/sɑː/,adj.,possible
sab,/sab/,adj.,deliberate
saɕ,/saɕ/,n.,orgasm
sÁɕ,/sɑːɕ/,n.,chief
saf,/saf/,n.,credit (recognition)
sak,/sak/,n.,festival
saĶe,/sakhe/,v.,decay
sÁl,/sɑːl/,n.,heir
sam,/sam/,adj.,consistent; compatible
sÁm,/sɑːm/,n.,fairy
sÁmti,/sɑːmti/,n.,greed
san,/san/,v.,surround
sao,/sao̯/,v.,lose
saoɕ,/sao̯ɕ/,n.,shrub; bush
saon,/sao̯n/,n.,herb
saopmʊ,/sao̯pmʊ/,v.,smack
saot,/sao̯t/,n.,sand
sap,/sap/,n.,valve
sÁpmak,/sɑːpmak/,adj.,immune; exempt
saɹi,/saɹi/,n.,widow
sÁs,/sɑːs/,n.,mask
sat,/sat/,v.,cut; snip; divide
sau,/saʊ̯/,n.,image
saub,/saʊ̯b/,n.,wedge
sauf,/saʊ̯f/,n.,village
sauge,/saʊ̯ge/,n.,broom
saul,/saʊ̯l/,adj.,special
sauq,/saʊ̯q/,n.,field
sÁvlu,/sɑːvlu/,n.,tent
sawau,/sawaʊ̯/,n.,rhythm
sĒ,/sɜː/,v.,cook (prepare food)
seb,/seb/,n.,town
sĒd,/sɜːd/,v.,migrate
sef,/sef/,n.,coconut
seg,/seg/,n.,footpath; sidewalk
seho,/seho/,n.,archipelago
sehre,/sehre/,v.,balance
sei,/seɪ̯/,n.,water
sei dolʊ,/seɪ̯ dolʊ/,n.,navy
sei ʃoraut,/seɪ̯ ʃoraʊ̯t/,n.,ice
seib,/seɪ̯b/,adj.,gross
seidrŪzti,/seɪ̯druːzti/,n.,landlord
seih,/seɪ̯h/,v.,combine
seim,/seɪ̯m/,n.,nation
sein,/seɪ̯n/,v.,avert; divert
seiq,/seɪ̯q/,n.,prize; award; trophy
seiɹ,/seɪ̯ɹ/,n.,rank (military); rank (position)
sek,/sek/,n.,guide
sĒl,/sɜːl/,n.,urn
sĒn,/sɜːn/,v.,reconcile
sep,/sep/,n.,combat
sĒplah,/sɜːplah/,n.,hip
sepmi,/sepmi/,n.,heritage
seqitŪ,/seqituː/,n.,niche
sĒra,/sɜːra/,n.,unit
sĒɹa,/sɜːɹa/,v.,insult
sestao,/sestao̯/,adj.,slow; late
sĒt,/sɜːt/,n.,coral
setot,/setot/,n.,volcano
sev,/sev/,v.,intend; mean (intend)
sĒv,/sɜːv/,v.,stab
sĒwu,/sɜːwu/,n.,drug
si,/si/,v.,have; be (age); get; include
sib,/sib/,n.,vision
sibÁ,/sibɑː/,n.,block
siɕ,/siɕ/,v.,drive; ride
sid,/sid/,n.,theme
sif,/sif/,n.,raid
sik,/sik/,n.,bank (river)
sikfĒm,/sikfɜːm/,n.,pottery
sikmÁmrÁ,/sikmɑːmrɑː/,n.,fence; barrier
sil,/sil/,adj.,fast; smart; intelligent; quick
sin,/sin/,v.,tremble; vibrate
siq,/siq/,v.,smuggle
sis,/sis/,n.,soil; dust
so,/so/,v.,want; require; lack; oblige; desire; put (cause to be)
so,/so/,pron.,us (including you)
sŌ,/soː/,adv.,again
sŌɕ,/soːɕ/,n.,sphere
sodlʌ,/sodlʌ/,n.,pet
sof,/sof/,v.,absorb
soh,/soh/,n.,elbow
sŌk,/soːk/,v.,freeze
son,/son/,adj.,loud; noisy
sonÁ,/sonɑː/,v.,discourage; deter
sonŌ,/sonoː/,n.,moss
sŌnsaddo,/soːnsaddo/,n.,peninsula
sop,/sop/,n.,compliment
soplo,/soplo/,adj.,tense
sopma,/sopma/,v.,qualify
sŌq,/soːq/,n.,grid
soq,/soq/,n.,chest
sŌqe,/soːqe/,n.,sermon
sŌr,/soːr/,v.,upset; bother; disturb; disrupt
sŌs,/soːs/,n.,symptom
sos,/sos/,v.,follow
sosĒ,/sosɜː/,v.,sniff; inhale
soski,/soski/,n.,shower
sossoq,/sossoq/,n.,shell
sot,/sot/,n.,bottle
sotau,/sotaʊ̯/,n.,text
sŌtolpŪ,/soːtolpuː/,n.,floor; ground; bottom (lowest part)
sou,/soʊ̯/,v.,fall; collapse; stumble; topple; slip
souboum,/soʊ̯boʊ̯m/,n.,face; forehead; brow; side; front; expression; character; persona; facade
souljimop,/soʊ̯lʤimop/,v.,foster; adopt
souma,/soʊ̯ma/,adv.,nevertheless; regardless; even though
sŌv,/soːv/,n.,soap
sozlŌh,/sozloːh/,n.,pig; pork
su,/su/,pron.,one
suɕ,/suɕ/,n.,lottery
suf,/suf/,v.,should
sŪfi,/suːfi/,n.,brass
suglama,/suglama/,n.,stripe; strip
sŪk,/suːk/,v.,inspire; influence; encourage
sulbeinnÁ,/sulbeɪ̯nnɑː/,adj.,safe; immune
sum,/sum/,v.,contain; include
sŪn,/suːn/,n.,horizon
suoh,/suoh/,n.,scissors
sup,/sup/,n.,process; procedure
suq,/suq/,v.,bake
suɹ,/suɹ/,adj.,ignorant
sus,/sus/,n.,wind; breeze
sŪs,/suːs/,n.,riot
suv,/suv/,n.,roster
suzba,/suzba/,n.,axe
sʊ,/sʊ/,v.,wear; put on
sʊle,/sʊle/,v.,boil; simmer
sʊlhi,/sʊlhi/,adj.,sensible
sʊr,/sʊr/,v.,explode; blow up; blast
sʊteih,/sʊteɪ̯h/,v.,value
sʊteih,/sʊteɪ̯h/,n.,value
sʊtlo,/sʊtlo/,n.,apron
sʊzta,/sʊzta/,n.,darling
sʌ,/sʌ/,num.,ten
sʌbĒ,/sʌbɜː/,n.,feather; pen
sʌf,/sʌf/,adj.,sweet
sʌf ʒeil,/sʌf ʒeɪ̯l/,n.,sugar
sʌfame,/sʌfame/,v.,cough
sʌh,/sʌh/,n.,spur
sʌkkʌ,/sʌkkʌ/,v.,chuckle
sʌm,/sʌm/,n.,nephew
sʌpmŌ,/sʌpmoː/,n.,wool; fur; mane
sʌsmau,/sʌsmaʊ̯/,n.,trend
sʌtsu,/sʌtsu/,n.,deputy
sʌw,/sʌw/,adj.,arrogant
sʌwu,/sʌwu/,v.,display; expose; reveal
sʌzta,/sʌzta/,v.,suffocate
ʃa,/ʃa/,n.,sound
ʃÄ,/ʃal/,n.,reptile
ʃÁ,/ʃɑː/,adv.,still
ʃabĒ,/ʃabɜː/,v.,abuse; torture; violate; oppress
ʃaɕ,/ʃaɕ/,n.,rose
ʃÁɕimao,/ʃɑːɕimao̯/,n.,suit
ʃÁd,/ʃɑːd/,adj.,serial
ʃah,/ʃah/,n.,basket
ʃahdŌ,/ʃahdoː/,v.,haunt
ʃajŌ,/ʃaʤoː/,n.,midriff
ʃak,/ʃak/,n.,land; earth; ground; planet
ʃak ŋÁdle,/ʃak ŋɑːdle/,n.,earthquake
ʃak ŋĒp,/ʃak ŋɜːp/,n.,geography
ʃÁlʊ,/ʃɑːlʊ/,n.,demise
ʃam,/ʃam/,adj.,subtle
ʃanje,/ʃanje/,v.,long (want for)
ʃaŋŌ,/ʃaŋoː/,n.,curtain; veil
ʃao,/ʃao̯/,adv.,often
ʃaol,/ʃao̯l/,n.,homeland; motherland
ʃaorro,/ʃao̯rro/,adj.,awkward
ʃaov,/ʃao̯v/,v.,detect
ʃÁp,/ʃɑːp/,adj.,elusive
ʃar,/ʃar/,n.,needle
ʃÁr,/ʃɑːr/,n.,haven
ʃÁrlo,/ʃɑːrlo/,v.,peek
ʃaɹʊ,/ʃaɹʊ/,v.,harm
ʃas,/ʃas/,v.,bark
ʃat,/ʃat/,v.,vote
ʃaukdao,/ʃaʊ̯kdao̯/,n.,pan; saucepan; pot
ʃaup,/ʃaʊ̯p/,v.,dine
ʃaut,/ʃaʊ̯t/,v.,stir; mix; blend
ʃav,/ʃav/,n.,danger; hazard; risk; trouble; threat
ʃavwu,/ʃavwu/,n.,drill
ʃÁw,/ʃɑːw/,v.,cooperate; collaborate
ʃe,/ʃe/,v.,continue; keep (continue); last
ʃĒ,/ʃɜː/,n.,night
ʃehŪf,/ʃehuːf/,adv.,clearly
ʃei,/ʃeɪ̯/,n.,trade
ʃei,/ʃeɪ̯/,pron.,we (including you)
ʃeifŪ,/ʃeɪ̯fuː/,adj.,fine (okay)
ʃeih,/ʃeɪ̯h/,adj.,polite
ʃeim,/ʃeɪ̯m/,n.,acid
ʃeima,/ʃeɪ̯ma/,adv.,simply
ʃeipmao,/ʃeɪ̯pmao̯/,adj.,black; dark
ʃekfa,/ʃekfa/,v.,contradict
ʃel,/ʃel/,v.,arrange
ʃeljof,/ʃelʤof/,n.,detail
ʃemo,/ʃemo/,v.,cause; induce
ʃemo,/ʃemo/,n.,cause
ʃenvad,/ʃenvad/,n.,pest
ʃeq,/ʃeq/,n.,rifle
ʃĒq,/ʃɜːq/,v.,rehearse
ʃesmÄ,/ʃesmal/,n.,warrant
ʃet,/ʃet/,n.,prose
ʃev,/ʃev/,v.,execute
ʃĒv,/ʃɜːv/,n.,customer; patron
ʃew,/ʃew/,n.,adult
ʃi,/ʃi/,v.,press; squeeze; clutch
ʃijut,/ʃiʤut/,n.,culture
ʃikmiɹŌ,/ʃikmiɹoː/,n.,closure
ʃin,/ʃin/,n.,counsel
ʃipĒ,/ʃipɜː/,v.,search; look up
ʃirĒq,/ʃirɜːq/,n.,load
ʃissu,/ʃissu/,n.,guest
ʃit,/ʃit/,n.,layer
ʃiwdŪ,/ʃiwduː/,n.,bee
ʃo,/ʃo/,n.,side
ʃŌ,/ʃoː/,v.,seem; appear
ʃoba,/ʃoba/,n.,sword
ʃobebÁ,/ʃobebɑː/,adv.,exactly
ʃŌg,/ʃoːg/,n.,trailer
ʃŌh,/ʃoːh/,v.,report
ʃŌh,/ʃoːh/,n.,report
ʃŌhu,/ʃoːhu/,v.,peel
ʃojeiow,/ʃoʤeɪ̯ow/,adv.,finally
ʃŌk,/ʃoːk/,v.,erase
ʃokaoq,/ʃokao̯q/,adv.,certainly
ʃoksa,/ʃoksa/,v.,dial
ʃol,/ʃol/,adj.,blonde
ʃollo,/ʃollo/,n.,maximum
ʃŌm,/ʃoːm/,v.,destroy; devastate
ʃomak,/ʃomak/,adv.,suddenly
ʃomÁn,/ʃomɑːn/,n.,crest
ʃŌnpʌ,/ʃoːnpʌ/,prep.,per; for each
ʃŌp,/ʃoːp/,n.,destiny; fate
ʃop,/ʃop/,n.,soldier; guerrilla
ʃopew,/ʃopew/,adv.,probably
ʃoraut,/ʃoraʊ̯t/,n.,rock; stone; granite
ʃosaul,/ʃosaʊ̯l/,adv.,especially
ʃosestao,/ʃosestao̯/,adv.,recently
ʃosil,/ʃosil/,adv.,quickly
ʃoswa,/ʃoswa/,v.,trust
ʃot,/ʃot/,n.,palace
ʃoʧʊ,/ʃoʧʊ/,adv.,previously
ʃotxob,/ʃotxob/,n.,pandemic
ʃou,/ʃoʊ̯/,prep.,with (accompanied by); with (using)
ʃouf,/ʃoʊ̯f/,v.,disguise
ʃous,/ʃoʊ̯s/,n.,painting
ʃout,/ʃoʊ̯t/,n.,total; sum
ʃouvnʊ,/ʃoʊ̯vnʊ/,n.,prey
ʃŌw,/ʃoːw/,n.,calf
ʃu,/ʃu/,v.,discuss; debate
ʃŪ,/ʃuː/,adv.,else
ʃŪ,/ʃuː/,adv.,usually
ʃuchjum,/ʃuchjum/,v.,spray
ʃŪɕ,/ʃuːɕ/,n.,villain
ʃuɕou,/ʃuɕoʊ̯/,n.,neighbor
ʃud,/ʃud/,n.,temper
ʃuk,/ʃuk/,n.,artillery
ʃulup,/ʃulup/,n.,biology
ʃŪm,/ʃuːm/,n.,screen; umbrella
ʃŪn,/ʃuːn/,n.,therapy
ʃuq,/ʃuq/,n.,steel
ʃuɹes,/ʃuɹes/,n.,key
ʃus,/ʃus/,v.,look out; watch out
ʃut,/ʃut/,n.,coin
ʃŪtxa,/ʃuːtxa/,n.,silk
ʃŪw,/ʃuːw/,v.,call (request the attendance of)
ʃʊbʌm,/ʃʊbʌm/,n.,dragon
ʃʊdru,/ʃʊdru/,v.,tolerate; sustain
ʃʊn,/ʃʊn/,v.,exclude
ʃʊtxe,/ʃʊtxe/,n.,custom; stereotype
ʃʌ,/ʃʌ/,n.,folder
ʃʌl,/ʃʌl/,n.,mustache
ʃʌlni,/ʃʌlni/,n.,bureaucracy
ʃʌn,/ʃʌn/,n.,miracle
ʃʌɹ,/ʃʌɹ/,v.,leave (depart); depart
ʃʌw,/ʃʌw/,n.,hotel; inn; lodge
ta,/ta/,v.,move; go
ta,/ta/,num.,one
tÄ,/tal/,v.,reach; achieve; accomplish
tÁ,/tɑː/,adv.,then
ta tʌq,/ta tʌq/,n.,triangle
tÁɕ,/tɑːɕ/,v.,generate; spawn
tad,/tad/,n.,taxi; cab
tÁf,/tɑːf/,adj.,aroused (sexually)
tafe,/tafe/,v.,scream
tafiw,/tafiw/,adj.,swift
tag,/tag/,n.,prejudice
tÁh,/tɑːh/,pron.,yours
tÁh,/tɑːh/,det.,your
takmud,/takmud/,n.,maze
tÁĶouʒu,/tɑːkhoʊ̯ʒu/,v.,wake; wake up; get up
tÁl,/tɑːl/,n.,graph
tÁlŌ,/tɑːloː/,v.,shine; seem; glow; glare; radiate; sweat
tan,/tan/,prep.,throughout
tana,/tana/,n.,mammal
tao,/tao̯/,n.,thing; stuff; matter (substance; material); object; item
taol,/tao̯l/,n.,goblin
taosmo,/tao̯smo/,v.,blush
tap,/tap/,n.,fork
taq,/taq/,n.,ferry
tÁq,/tɑːq/,v.,terminate
tar,/tar/,adj.,basic
tau,/taʊ̯/,adj.,good; superb; hot (attractive); nice; moral
taum,/taʊ̯m/,n.,logo
taunʊq,/taʊ̯nʊq/,v.,invest; deposit
taupmo,/taʊ̯pmo/,adj.,complicated; intricate
taur,/taʊ̯r/,n.,cereal
taus,/taʊ̯s/,n.,hammer
taut,/taʊ̯t/,n.,time; tense
taw,/taw/,n.,dress; uniform
tÁw,/tɑːw/,v.,relax; relieve
te,/te/,n.,road; street; trail
tĒ,/tɜː/,n.,cell (room in a prison)
tĒa,/tɜːa/,n.,memento
tebzoq,/tebzoq/,n.,angle; corner; direction (way)
tĒchjo,/tɜːchjo/,adv.,nowhere
tedri,/tedri/,adj.,cute
tef,/tef/,n.,raft
tĒf,/tɜːf/,n.,massacre
tĒfŌ,/tɜːfoː/,adv.,soon; now
teho,/teho/,n.,poison; venom
tei,/teɪ̯/,pron.,you
teiɕ,/teɪ̯ɕ/,n.,statistic
teiprao,/teɪ̯prao̯/,n.,coal
tĒl,/tɜːl/,prep.,inside
tĒl nig,/tɜːl nig/,n.,underwear
telda,/telda/,adj.,rugged
tĒlʌ,/tɜːlʌ/,adj.,important
tem,/tem/,v.,sigh
ten,/ten/,n.,pain; agony
tenlao,/tenlao̯/,v.,monitor
tepmo,/tepmo/,adv.,either
ter,/ter/,v.,laugh
ter,/ter/,n.,laugh
tĒra,/tɜːra/,v.,neglect; overlook
tĒrjamfo,/tɜːrʤamfo/,n.,diagram
tet,/tet/,prep.,above
tezlʌn,/tezlʌn/,n.,authority
teztŌ,/teztoː/,n.,eclipse
tĠ,/tog/,n.,courtesy
ti,/ti/,adj.,thin (narrow)
tib,/tib/,v.,hop; bounce
tidrŪ,/tidruː/,v.,keep (save; retain); save
tifner,/tifner/,n.,locker; trunk (large box)
tih,/tih/,v.,revise; amend
tihi,/tihi/,n.,situation (circumstances; context)
tik,/tik/,n.,current
tim,/tim/,v.,fit; belong; apply
tinliga,/tinliga/,n.,orchestra
tiɹŌ,/tiɹoː/,n.,cathedral
tiɹŪ,/tiɹuː/,v.,escape; flee; dodge
tis,/tis/,n.,team; gang
tit,/tit/,n.,elixir
titsÁɕ,/titsɑːɕ/,v.,defeat; beat
titzʊ,/titzʊ/,n.,garden
tiv,/tiv/,n.,robe; gown
to,/to/,n.,rain
tŌb,/toːb/,n.,tragedy
tobʌ,/tobʌ/,adj.,backward
toɕ,/toɕ/,adj.,easy
tŌɕa,/toːɕa/,n.,mathematics
tod,/tod/,n.,throne
todminsÁv,/todminsɑːv/,n.,disaster; catastrophe
todrok,/todrok/,v.,perch
tŌf,/toːf/,adj.,fertile
tŌf,/toːf/,det.,a
tof,/tof/,n.,gate; port
tŌh,/toːh/,v.,remind
toh,/toh/,v.,lead
tŌl,/toːl/,v.,publish
tol,/tol/,v.,contribute
tolnok,/tolnok/,n.,witch
tolnok peil,/tolnok peɪ̯l/,n.,owl
tolu,/tolu/,n.,scale (instrument for weighing)
tomlei,/tomleɪ̯/,n.,belly
tŌn,/toːn/,adj.,absurd
ton,/ton/,n.,bridge
tonŌ,/tonoː/,adj.,favorite
tŌp,/toːp/,n.,armpit
toprʊp,/toprʊp/,n.,atom
tŌq,/toːq/,n.,capital (city)
toq,/toq/,v.,ache
tŌr,/toːr/,n.,scar
tŌs,/toːs/,n.,stalemate
tot,/tot/,n.,dagger
totzol,/totzol/,v.,sob; weep; mourn
tou,/toʊ̯/,n.,research
tou,/toʊ̯/,v.,research
toub,/toʊ̯b/,n.,inn; lodge
touqi,/toʊ̯qi/,num.,twelve
tŌw,/toːw/,n.,herd; flock
towgo,/towgo/,adj.,premier
tozbap,/tozbap/,n.,foil
ʧa,/ʧa/,prep.,for (a period of time or length of distance)
ʧÁ,/ʧɑː/,pron.,who
ʧaɕ,/ʧaɕ/,adj.,mean; rude; vicious; crude; nasty; vulgar
ʧÁd,/ʧɑːd/,v.,indulge
ʧag,/ʧag/,n.,metro
ʧah,/ʧah/,n.,suitcase; baggage
ʧÁh,/ʧɑːh/,v.,extinguish; put out
ʧak,/ʧak/,v.,wash; rinse
ʧÁl,/ʧɑːl/,v.,scratch
ʧÁm,/ʧɑːm/,v.,flirt
ʧao,/ʧao̯/,n.,place; location; point; venue; position (location)
ʧao,/ʧao̯/,v.,place
ʧaoh,/ʧao̯h/,n.,posture (bodily position)
ʧaol,/ʧao̯l/,adv.,behind; back
ʧaol mÁf,/ʧao̯l mɑːf/,n.,backpack
ʧaossŌ,/ʧao̯ssoː/,v.,aim
ʧaov,/ʧao̯v/,adv.,tonight
ʧÁq,/ʧɑːq/,v.,groan
ʧar,/ʧar/,n.,architecture
ʧara,/ʧara/,n.,lizard
ʧargoknei,/ʧargokneɪ̯/,n.,puddle
ʧÁsĒ,/ʧɑːsɜː/,n.,urge
ʧÁt,/ʧɑːt/,v.,lay
ʧau,/ʧaʊ̯/,adj.,yellow; green; blue; orange; brown
ʧau ruɹ,/ʧaʊ̯ ruɹ/,n.,fox
ʧau saoɕ,/ʧaʊ̯ sao̯ɕ/,n.,parsley
ʧaum,/ʧaʊ̯m/,n.,visit
ʧaus,/ʧaʊ̯s/,v.,reject; dismiss; refuse; expel; veto
ʧavÁs,/ʧavɑːs/,n.,cabin; inn; lodge
ʧÁw,/ʧɑːw/,n.,gene
ʧaznoɕ,/ʧaznoɕ/,v.,brag
ʧe,/ʧe/,prep.,like
ʧĒ,/ʧɜː/,prep.,out; outside
ʧeddu,/ʧeddu/,n.,shrimp
ʧei,/ʧeɪ̯/,n.,kid
ʧeikdou,/ʧeɪ̯kdoʊ̯/,conj.,although; though
ʧĒkka,/ʧɜːkka/,v.,cuddle
ʧena,/ʧena/,v.,squat
ʧeqa,/ʧeqa/,n.,bucket; tub; bath
ʧeʃʊ,/ʧeʃʊ/,n.,tool; weapon; machine
ʧet,/ʧet/,n.,cheese
ʧev,/ʧev/,adj.,common
ʧĠ,/ʧog/,v.,devise; come up with
ʧĠŌ,/ʧogoː/,v.,slide
ʧi,/ʧi/,n.,way; manner
ʧib,/ʧib/,n.,horn
ʧigsŌ,/ʧigsoː/,adj.,successful
ʧih,/ʧih/,n.,train
ʧim,/ʧim/,n.,shrine
ʧinzo,/ʧinzo/,n.,tie
ʧiq,/ʧiq/,n.,passenger
ʧis,/ʧis/,v.,speculate; wonder
ʧit,/ʧit/,n.,compound
ʧo,/ʧo/,adv.,however
ʧŌ,/ʧoː/,v.,seek
ʧŌf,/ʧoːf/,n.,chemical
ʧŌgjʊ,/ʧoːgʤʊ/,n.,gas
ʧohde,/ʧohde/,v.,chop
ʧojto,/ʧoʤto/,n.,step (footstep)
ʧok,/ʧok/,n.,bead
ʧŌlo,/ʧoːlo/,v.,stroke
ʧŌlʊ,/ʧoːlʊ/,v.,sustain; survive
ʧoma,/ʧoma/,v.,attach; stick
ʧomo,/ʧomo/,n.,corpse
ʧŌn,/ʧoːn/,n.,will
ʧonja,/ʧonja/,n.,pastry
ʧŌq,/ʧoːq/,n.,pencil
ʧŌs,/ʧoːs/,v.,float; skim
ʧos,/ʧos/,adj.,custom
ʧoʃav,/ʧoʃav/,v.,visit
ʧou,/ʧoʊ̯/,v.,start; begin
ʧoul,/ʧoʊ̯l/,n.,carrot
ʧov,/ʧov/,n.,lesbian
ʧow,/ʧow/,v.,wrap; drape
ʧu,/ʧu/,adj.,light (weight)
ʧŪ,/ʧuː/,n.,wife
ʧŪg,/ʧuːg/,adj.,humble; modest; shy; reluctant
ʧŪk,/ʧuːk/,n.,honor; integrity; dignity
ʧŪn,/ʧuːn/,v.,betray
ʧŪp,/ʧuːp/,n.,back (of body); back (reverse side)
ʧusmagla,/ʧusmagla/,n.,sign; signal
ʧʊ,/ʧʊ/,adj.,last (previous); previous
ʧʊn,/ʧʊn/,n.,beach
ʧʊp,/ʧʊp/,n.,play (stage play)
ʧʊq,/ʧʊq/,n.,bias
ʧʊrmen,/ʧʊrmen/,n.,harvest
ʧʊt,/ʧʊt/,v.,drop
ʧʊwi,/ʧʊwi/,n.,cane
ʧʌ,/ʧʌ/,v.,hang; dangle
ʧʌgʌ,/ʧʌgʌ/,v.,leak
ʧʌh,/ʧʌh/,v.,examine
ʧʌjik,/ʧʌʤik/,n.,tone; pitch
ʧʌlbŌp,/ʧʌlboːp/,v.,open
tu,/tu/,n.,law
tu,/tu/,det.,the
tŪ,/tuː/,v.,call (refer to by )
tuɕ,/tuɕ/,v.,take apart; dismantle
tŪɕ,/tuːɕ/,n.,militia
tufŪ,/tufuː/,n.,glory
tuglo,/tuglo/,n.,hour; time
tuh,/tuh/,n.,sentence
tŪh,/tuːh/,n.,concrete
tŪle,/tuːle/,v.,crash; collide
tŪlnʊ,/tuːlnʊ/,n.,prophet
tun,/tun/,v.,gamble
tŪn,/tuːn/,prep.,upon
tup,/tup/,n.,bargain
tupreh,/tupreh/,n.,membrane
tut,/tut/,n.,family (children and parents); family (related by blood)
tuv,/tuv/,n.,skin
tŪv,/tuːv/,n.,sock
tuw,/tuw/,n.,gender
tuwge,/tuwge/,num.,seventeen
tuwkʌ,/tuwkʌ/,adj.,alone
tʊ,/tʊ/,pron.,nothing
tʊbjʌ,/tʊbʤʌ/,v.,scrutinize
tʊf,/tʊf/,n.,disk
tʊhi,/tʊhi/,n.,copper; bronze
tʊk,/tʊk/,v.,talk; speak
tʊl,/tʊl/,n.,politics
tʊq,/tʊq/,n.,leg
tʊsru,/tʊsru/,n.,patient; victim
tʊttou,/tʊttoʊ̯/,n.,goose
tʌ,/tʌ/,pron.,everything
tʌlba,/tʌlba/,n.,conference
tʌlra,/tʌlra/,n.,almond
tʌmug,/tʌmug/,n.,flaw; defect
tʌp,/tʌp/,n.,cabinet; drawer
tʌq,/tʌq/,n.,saw
tʌɹ,/tʌɹ/,adj.,lazy
tʌs,/tʌs/,n.,paw
tʌtlʊ,/tʌtlʊ/,v.,scramble
tʌtʊ,/tʌtʊ/,n.,effort
tʌw,/tʌw/,n.,project
u,/u/,v.,kill
Ū,/uː/,adj.,usual
uɕ,/uɕ/,n.,fabric; textile
ug,/ug/,n.,comfort
ugro,/ugro/,n.,human
uh,/uh/,v.,shock; startle; stun; surprise; paralyze
Ūh,/uːh/,n.,sorrow
ul,/ul/,v.,complain
ula,/ula/,adv.,most
ulrau,/ulraʊ̯/,n.,faith
ulrʌ,/ulrʌ/,n.,bud
Ūnhat,/uːnhat/,v.,warn; alert
up,/up/,n.,ray (of light)
Ūppok,/uːppok/,n.,ornament; accessory; fixture
Ūq,/uːq/,n.,repetition
ur,/ur/,v.,infect; contaminate
uɹ,/uɹ/,n.,kit
Ūsmʌ,/uːsmʌ/,adj.,alternate
uʃut,/uʃut/,v.,rally
Ūt,/uːt/,v.,elevate
Ūv,/uːv/,n.,revolution
uwŌdlab,/uwoːdlab/,n.,code
uzgo,/uzgo/,n.,proverb
ʊ,/ʊ/,n.,altitude
ʊb,/ʊb/,v.,trick; deceive; distort; betray; bluff
ʊɕeilfo,/ʊɕeɪ̯lfo/,n.,width
ʊɕolpÁ,/ʊɕolpɑː/,n.,pride
ʊĒwʊp,/ʊɜːwʊp/,n.,anxiety
ʊfeiq,/ʊfeɪ̯q/,n.,sadness
ʊfil,/ʊfil/,n.,absence
ʊfiru,/ʊfiru/,n.,fat (bodily substance)
ʊgau,/ʊgaʊ̯/,n.,confidence
ʊhud,/ʊhud/,n.,irony
ʊkĒs,/ʊkɜːs/,n.,height
ʊkfiq,/ʊkfiq/,n.,dairy
ʊkrĒ,/ʊkrɜː/,n.,size
ʊlei,/ʊleɪ̯/,n.,health
ʊlŌ,/ʊloː/,v.,establish
ʊlou,/ʊloʊ̯/,n.,ability
ʊm,/ʊm/,det.,such
ʊmŌq,/ʊmoːq/,n.,length
ʊmʊf,/ʊmʊf/,n.,violence
ʊno,/ʊno/,n.,sickness
ʊnok,/ʊnok/,n.,moisture
ʊolŪ,/ʊoluː/,n.,silence
ʊplo,/ʊplo/,n.,dew
ʊpʊod,/ʊpʊod/,n.,luck
ʊqʊ,/ʊqʊ/,n.,heat
ʊriq,/ʊriq/,n.,appearance (looks)
ʊɹŌ,/ʊɹoː/,n.,strength
ʊɹu,/ʊɹu/,n.,foreigner
ʊɺi,/ʊɺi/,n.,difference
ʊsÁ,/ʊsɑː/,n.,possibility
ʊsĒ,/ʊsɜː/,n.,stand
ʊsoplo,/ʊsoplo/,n.,tension
ʊsouboum,/ʊsoʊ̯boʊ̯m/,n.,characteristic
ʊʃam,/ʊʃam/,n.,subtlety
ʊʃeipmao,/ʊʃeɪ̯pmao̯/,n.,darkness
ʊʃĠÁ,/ʊʃogɑː/,v.,arm
ʊtŌf,/ʊtoːf/,n.,fertility
ʊtonni,/ʊtonni/,n.,burger
ʊʧigsŌ,/ʊʧigsoː/,n.,success
ʊvŌdau,/ʊvoːdaʊ̯/,n.,civilization
ʊvotbaoni,/ʊvotbao̯ni/,n.,beauty
ʊvʊ,/ʊvʊ/,n.,truth
ʊwou,/ʊwoʊ̯/,n.,fun
va,/va/,adj.,red; purple
vÁ,/vɑː/,v.,feel (perceive; sense); appreciate
va qoufhop,/va qoʊ̯fhop/,n.,lipstick
vÁb,/vɑːb/,n.,nut
vaɕ,/vaɕ/,n.,throat
vad,/vad/,n.,tribe; kin
vadu,/vadu/,v.,reply
vag,/vag/,v.,struggle; wrestle
vÁg,/vɑːg/,n.,honey; darling
vah,/vah/,n.,bank; stock
vÁh,/vɑːh/,n.,boat; yacht
vÁlÁ,/vɑːlɑː/,v.,graze (feed on)
vÁle,/vɑːle/,adj.,severe
vam,/vam/,n.,pea
vao,/vao̯/,n.,art
varjon,/varʤon/,n.,benefit; profit
vasna,/vasna/,n.,wit
vat,/vat/,n.,swamp
vatbĒ,/vatbɜː/,v.,postpone
vau,/vaʊ̯/,n.,answer
vau ho,/vaʊ̯ ho/,v.,answer
ve,/ve/,interj.,yes
vĒb,/vɜːb/,v.,blame; accuse; attribute
veɕ,/veɕ/,n.,bug; insect
vedi,/vedi/,v.,bond
vedmol,/vedmol/,v.,erode
vedu,/vedu/,adj.,ancient
vei,/veɪ̯/,v.,walk
veijseiv,/veɪ̯ʤseɪ̯v/,adv.,therefore; thus
veikmitei,/veɪ̯kmiteɪ̯/,v.,wonder
veis,/veɪ̯s/,n.,compassion; sympathy; empathy
vem,/vem/,adj.,vacant
vep,/vep/,adj.,aesthetic
vepmioɹ,/vepmioɹ/,v.,sleep; nap
vepmioɹ,/vepmioɹ/,n.,sleep
ver,/ver/,v.,panic
ves,/ves/,n.,survey
vĒvikrou,/vɜːvikroʊ̯/,n.,dirt
vew,/vew/,v.,tie
vi,/vi/,v.,explain; discuss; describe
vibos,/vibos/,n.,sum; score
vifÁ,/vifɑː/,n.,shovel
vikka,/vikka/,n.,mural
vil,/vil/,adj.,deaf
vimʌt,/vimʌt/,v.,regret; lament
vip,/vip/,n.,arena; stadium
viɹ,/viɹ/,n.,sling
vo,/vo/,n.,minute
vŌ,/voː/,pron.,them
vob,/vob/,n.,symbol
vod,/vod/,n.,treasure
vŌdau,/voːdaʊ̯/,adj.,civilized
vŌf,/voːf/,n.,article (text)
vof,/vof/,n.,oath
vŌk,/voːk/,n.,surface
vok,/vok/,v.,swear
voĶo,/vokho/,v.,protest; resist; prevent
voksauzte,/voksaʊ̯zte/,v.,glide
vŌl,/voːl/,v.,train; coach
vŌŋaobzu,/voːŋao̯bzu/,v.,recite
vŌp,/voːp/,n.,summary
vop,/vop/,v.,stamp; press
vop,/vop/,n.,stamp
vos,/vos/,n.,bill; check
voʃei,/voʃeɪ̯/,n.,farm
votbaoni,/votbao̯ni/,adj.,beautiful; pretty
vou,/voʊ̯/,v.,turn; rotate; wind
vous,/voʊ̯s/,interj.,no
vousmau,/voʊ̯smaʊ̯/,n.,helmet
vow,/vow/,n.,profit
vowo,/vowo/,n.,instrument; equipment; apparatus; fixture
vu,/vu/,adj.,last (final)
vŪ,/vuː/,adv.,today
vŪbza,/vuːbza/,v.,jerk
vŪɕ,/vuːɕ/,n.,boss
vŪd,/vuːd/,n.,ward
vuf,/vuf/,adj.,warm
vŪk,/vuːk/,n.,den; apartment
vul,/vul/,adj.,dry; crisp
vup,/vup/,v.,burst; erupt
vʊ,/vʊ/,adj.,right; correct; true; pure; wholesome
vʊk,/vʊk/,n.,chalk
vʊn,/vʊn/,n.,paradox
vʊn,/vʊn/,n.,sister
vʊpma,/vʊpma/,adj.,pretty
vʊɹ,/vʊɹ/,n.,sketch
vʊs,/vʊs/,n.,vulture
vʊstu,/vʊstu/,v.,bless
vʌ,/vʌ/,v.,provide
vʌgos,/vʌgos/,v.,complicate
vʌhÁ,/vʌhɑː/,n.,slave
vʌŌ,/vʌoː/,adj.,neat
vʌr,/vʌr/,n.,meat; animal
vʌwʊg,/vʌwʊg/,n.,brothel
ʌ,/ʌ/,pron.,everyone
ʌb,/ʌb/,v.,exploit
ʌf,/ʌf/,v.,feign; bluff
ʌfho,/ʌfho/,n.,priest
ʌfŌh,/ʌfoːh/,num.,twenty
ʌl,/ʌl/,v.,duck; crouch
ʌrrom,/ʌrrom/,n.,bitch
ʌt,/ʌt/,v.,melt
ʌtÁ,/ʌtɑː/,n.,comment
ʌw,/ʌw/,n.,knight
wa,/wa/,n.,window; nostril
wÄ,/wal/,n.,tap (faucet)
wÁ,/wɑː/,n.,wing; fin (of fish)
wad,/wad/,n.,prostitute; whore
wÁf,/wɑːf/,v.,crumble
wah,/wah/,v.,fill
wÁk,/wɑːk/,n.,university
wam,/wam/,n.,hair (of head); hair (of body)
wÁmaub,/wɑːmaʊ̯b/,v.,gasp; pant
wamfu,/wamfu/,n.,iron
wÁn,/wɑːn/,n.,leisure; recreation
wao,/wao̯/,n.,wound
waoɕ,/wao̯ɕ/,n.,toilet
waok,/wao̯k/,v.,consider
wÁrzu,/wɑːrzu/,n.,talent
wase,/wase/,n.,film
waspu,/waspu/,v.,faint
waʃo,/waʃo/,n.,dart
wÁt,/wɑːt/,v.,extract; pluck
wau,/waʊ̯/,adj.,great (very large); enormous
waup,/waʊ̯p/,n.,canvas
waut,/waʊ̯t/,n.,nose
waw,/waw/,adv.,tomorrow
wawo,/wawo/,v.,ask (request); request
we,/we/,det.,enough
we,/we/,pron.,they
wĒ,/wɜː/,n.,store; shop; office; arsenal
wĒ,/wɜː/,v.,shop
wĒɕ,/wɜːɕ/,n.,courier
wegŪɹu,/weguːɹu/,n.,frame; cage; hull; crate
wĒh,/wɜːh/,n.,calendar
wei,/weɪ̯/,n.,event (occurrence); incident
weif,/weɪ̯f/,n.,bell
weipʊksŪ,/weɪ̯pʊksuː/,v.,reserve
weiɹ,/weɪ̯ɹ/,n.,medal
weiɹe,/weɪ̯ɹe/,v.,recommend; advise
wejʊli,/weʤʊli/,n.,fort
wek,/wek/,v.,cull; extract
wĒkmutlo,/wɜːkmutlo/,n.,cabbage
wĒĶŪ,/wɜːkhuː/,n.,intestine
wel,/wel/,adj.,damn
wĒm,/wɜːm/,n.,niece
wĒnsÁ,/wɜːnsɑː/,n.,card; badge
weo,/weo/,n.,collar
wet,/wet/,v.,edit
wĒt,/wɜːt/,n.,orchard; plantation
wev,/wev/,n.,alphabet
wĒv,/wɜːv/,num.,billion
wew,/wew/,n.,composite
wĠ,/wog/,n.,mold
wĠson,/wogson/,n.,fund
wi,/wi/,n.,plant
wip,/wip/,conj.,than
wit,/wit/,n.,magnet
wivri,/wivri/,n.,debt
wo,/wo/,v.,win
wŌ,/woː/,n.,matter (substance; material)
woɕ,/woɕ/,num.,second
wof,/wof/,v.,roam; migrate
wŌm,/woːm/,n.,lettuce
wom,/wom/,n.,knob
wŌnŪ,/woːnuː/,n.,gum
wou,/woʊ̯/,adj.,fun
woudgaospei,/woʊ̯dgao̯speɪ̯/,v.,test
wouji,/woʊ̯ʤi/,v.,announce; proclaim; affirm; testify
wout,/woʊ̯t/,n.,agreement
wow,/wow/,n.,topic
wu,/wu/,v.,try (strive); struggle
wŪ,/wuː/,n.,decade
wŪbni,/wuːbni/,v.,might
wudmo,/wudmo/,v.,nag
wug,/wug/,adj.,fair; just; moral
wuhtʊ,/wuhtʊ/,adj.,busy
wujau,/wuʤaʊ̯/,n.,vegetable
wujbi,/wuʤbi/,adj.,live
wujbup,/wuʤbup/,n.,icon
wup,/wup/,v.,climb
wuq,/wuq/,adj.,soft
wŪq,/wuːq/,n.,plane
wur,/wur/,n.,gun; rifle; firearm
wut,/wut/,v.,fade
wŪʒot,/wuːʒot/,adj.,drunk (inebriated)
wʊ,/wʊ/,n.,community
wʊd,/wʊd/,v.,grab; clutch; grasp; grip
wʊno,/wʊno/,n.,hero; celebrity; idol
wʌ,/wʌ/,adj.,ready; ripe
wʌɕ,/wʌɕ/,adj.,formal
wʌh,/wʌh/,adj.,smart; intelligent; clever; wise
wʌhde,/wʌhde/,adj.,weird; strange; bizarre; peculiar
wʌn,/wʌn/,n.,junk
wʌnlil,/wʌnlil/,n.,square; cube
wʌr,/wʌr/,n.,slice
wʌɹ,/wʌɹ/,n.,rod; shaft; bar; cylinder; pole; beam
wʌs,/wʌs/,v.,criticize
wʌwokbŌ,/wʌwokboː/,v.,bust
ʒa,/ʒa/,n.,name
ʒÄ,/ʒal/,n.,elf
ʒÁ,/ʒɑː/,n.,trial
ʒab,/ʒab/,v.,beg
ʒadmil,/ʒadmil/,v.,merge; incorporate
ʒagsat,/ʒagsat/,v.,chase
ʒÁjtiv,/ʒɑːʤtiv/,n.,vine
ʒakkÁ,/ʒakkɑː/,num.,sixteen
ʒam,/ʒam/,n.,box; crate
ʒao,/ʒao̯/,prep.,during
ʒaoh,/ʒao̯h/,v.,divide
ʒap,/ʒap/,n.,dune
ʒÁp,/ʒɑːp/,n.,respect
ʒÁr,/ʒɑːr/,n.,disgust
ʒaɹ,/ʒaɹ/,n.,leverage
ʒas,/ʒas/,n.,ham
ʒÁzgud,/ʒɑːzgud/,n.,tablet; slab; brick
ʒe,/ʒe/,n.,crime; felony
ʒĒ,/ʒɜː/,n.,wax
ʒeb,/ʒeb/,n.,colony
ʒef,/ʒef/,n.,weapon
ʒei,/ʒeɪ̯/,num.,hundred
ʒeig,/ʒeɪ̯g/,v.,sip
ʒeil,/ʒeɪ̯l/,n.,salt
ʒeire,/ʒeɪ̯re/,n.,pin
ʒeit,/ʒeɪ̯t/,v.,heal; cure
ʒel,/ʒel/,n.,filter
ʒĒl,/ʒɜːl/,n.,mattress
ʒĒr,/ʒɜːr/,n.,mill
ʒĒt,/ʒɜːt/,v.,jump; leap
ʒĒv,/ʒɜːv/,n.,path; track; avenue; road
ʒi,/ʒi/,v.,run
ʒidrŪs,/ʒidruːs/,v.,date; go out; escort
ʒih,/ʒih/,v.,conquer
ʒimdo,/ʒimdo/,n.,territory; state (province; country)
ʒimŪ,/ʒimuː/,n.,layout
ʒip,/ʒip/,n.,pedestrian
ʒit,/ʒit/,v.,wink
ʒo,/ʒo/,prep.,between; among
ʒŌ,/ʒoː/,adv.,far; away
ʒŌb,/ʒoːb/,n.,citadel
ʒobju,/ʒobʤu/,v.,assign; elect
ʒoɕ,/ʒoɕ/,v.,accept
ʒŌd,/ʒoːd/,n.,string; cord; strand
ʒŌf,/ʒoːf/,v.,evoke; arouse; provoke
ʒofŪ,/ʒofuː/,adj.,keen
ʒole,/ʒole/,n.,period (duration of time); season (quarter of the year)
ʒop,/ʒop/,adj.,best
ʒoptŌ,/ʒoptoː/,n.,continent
ʒoptʌ,/ʒoptʌ/,n.,nutrition
ʒor,/ʒor/,n.,pulse
ʒŌt,/ʒoːt/,v.,regard; deem
ʒot,/ʒot/,v.,drink
ʒotlaɹu,/ʒotlaɹu/,n.,title
ʒou,/ʒoʊ̯/,v.,record
ʒounnʊ,/ʒoʊ̯nnʊ/,v.,hug; embrace; squeeze
ʒoupte,/ʒoʊ̯pte/,adj.,acute
ʒout,/ʒoʊ̯t/,n.,asteroid
ʒu,/ʒu/,n.,boyfriend
ʒŪ,/ʒuː/,v.,work (function); work (have desired result)
ʒuɕuni,/ʒuɕuni/,n.,spelling
ʒuɕuv,/ʒuɕuv/,n.,detention
ʒudi,/ʒudi/,v.,quote
ʒufe,/ʒufe/,v.,skim
ʒufŌ,/ʒufoː/,adj.,boring
ʒŪg,/ʒuːg/,v.,graduate
ʒuhe,/ʒuhe/,n.,insurance
ʒujĒ,/ʒuʤɜː/,n.,product (item made)
ʒujen,/ʒuʤen/,n.,relationship
ʒŪk,/ʒuːk/,n.,center; hub (center of activity)
ʒumĒ,/ʒumɜː/,v.,copy; imitate; mimic
ʒumĒ hĒhrŌ,/ʒumɜː hɜːhroː/,n.,copyright
ʒumou,/ʒumoʊ̯/,n.,life (living organism)
ʒunau,/ʒunaʊ̯/,n.,knowledge
ʒupokda,/ʒupokda/,n.,drawing
ʒuqʌgle,/ʒuqʌgle/,n.,organization
ʒurau,/ʒuraʊ̯/,n.,meeting
ʒure,/ʒure/,n.,certificate
ʒurʌou,/ʒurʌoʊ̯/,n.,building
ʒŪs,/ʒuːs/,v.,drag; pull; tow
ʒusat,/ʒusat/,n.,cut
ʒusŌk,/ʒusoːk/,n.,frost
ʒuʃabĒ,/ʒuʃabɜː/,n.,abuse
ʒŪt,/ʒuːt/,n.,elevation
ʒŪto,/ʒuːto/,v.,scrape
ʒuʧʌlbŌp,/ʒuʧʌlboːp/,n.,opening
ʒuwʌs,/ʒuwʌs/,n.,critique
ʒuʒou,/ʒuʒoʊ̯/,n.,record
ʒʊ,/ʒʊ/,n.,sin
ʒʊdrit,/ʒʊdrit/,n.,ear
ʒʊdrit il,/ʒʊdrit il/,n.,earring
ʒʊf,/ʒʊf/,n.,plate; tray; platter
ʒʊh,/ʒʊh/,v.,knock
ʒʊl,/ʒʊl/,n.,spice
ʒʊo,/ʒʊo/,adj.,due
ʒʊr,/ʒʊr/,n.,valley; canyon
ʒʊt,/ʒʊt/,n.,cow; buffalo
ʒʊw,/ʒʊw/,n.,plateau
ʒʊztĒ,/ʒʊztɜː/,v.,gather; assemble; congregate
ʒʌ,/ʒʌ/,v.,read
ʒʌh,/ʒʌh/,v.,stick; cling
ʒʌl,/ʒʌl/,adj.,permanent
ʒʌlruk,/ʒʌlruk/,n.,tag
ʒʌm,/ʒʌm/,v.,bow (greet)